Date, Close/Last, Volume, Open, High, Low
06-01-20,"$1,431.82 ",1217140,"$1,418.39 ","$1,437.96 ","$1,418 "
05/29/2020,"$1,428.92 ",1838059,"$1,416.94 ","$1,432.57 ","$1,413.35 "
05/28/2020,"$1,416.73 ",1693976,"$1,396.86 ","$1,440.84 ","$1,396 "
05/27/2020,"$1,417.84 ",1686142,"$1,417.25 ","$1,421.74 ","$1,391.29 "
05/26/2020,"$1,417.02 ",2060643,"$1,437.27 ","$1,441 ","$1,412.13 "
05/22/2020,"$1,410.42 ",1309408,"$1,396.71 ","$1,412.76 ","$1,391.83 "
05/21/2020,"$1,402.80 ",1385194,"$1,408 ","$1,415.49 ","$1,393.45 "
05/20/2020,"$1,406.72 ",1655375,"$1,389.58 ","$1,410.42 ","$1,387.25 "
05/19/2020,"$1,373.49 ",1280649,"$1,387.00 ","$1,392 ","$1,373.49 "
05/18/2020,"$1,383.94 ",1823964,"$1,361.75 ","$1,392.33 ","$1,354.25 "
05/15/2020,"$1,373.19 ",1707747,"$1,350 ","$1,374.48 ","$1,339 "
05/14/2020,"$1,356.13 ",1603077,"$1,335.02 ","$1,357.42 ","$1,323.91 "
05/13/2020,"$1,349.33 ",1812585,"$1,377.05 ","$1,385.48 ","$1,328.40 "
05-12-20,"$1,375.74 ",1390600,"$1,407.12 ","$1,415 ","$1,374.77 "
05-11-20,"$1,403.26 ",1412116,"$1,378.28 ","$1,416.53 ","$1,377.15 "
05-08-20,"$1,388.37 ",1388068,"$1,383.13 ","$1,398.76 ","$1,375.48 "
05-07-20,"$1,372.56 ",1399759,"$1,365.94 ","$1,377.60 ","$1,355.27 "
05-06-20,"$1,347.30 ",1215423,"$1,361.69 ","$1,371.12 ","$1,347.29 "
05-05-20,"$1,351.11 ",1651533,"$1,337.92 ","$1,373.94 ","$1,337.46 "
05-04-20,"$1,326.80 ",1504017,"$1,308.23 ","$1,327.66 ","$1,299 "
05-01-20,"$1,320.61 ",2072639,"$1,328.50 ","$1,352.07 ","$1,311 "
04/30/2020,"$1,348.66 ",2668906,"$1,324.88 ","$1,352.82 ","$1,322.49 "
04/29/2020,"$1,341.48 ",3793624,"$1,341.46 ","$1,359.99 ","$1,325.34 "
04/28/2020,"$1,233.67 ",2951309,"$1,287.93 ","$1,288.05 ","$1,232.20 "
04/27/2020,"$1,275.88 ",1600563,"$1,296 ","$1,296.15 ","$1,269 "
04/24/2020,"$1,279.31 ",1640394,"$1,261.17 ","$1,280.40 ","$1,249.45 "
04/23/2020,"$1,276.31 ",1566203,"$1,271.55 ","$1,293.31 ","$1,265.67 "
04/22/2020,"$1,263.21 ",2093140,"$1,245.54 ","$1,285.61 ","$1,242 "
04/21/2020,"$1,216.34 ",2153003,"$1,247 ","$1,254.27 ","$1,209.71 "
04/20/2020,"$1,266.61 ",1695488,"$1,271 ","$1,281.60 ","$1,261.37 "
04/17/2020,"$1,283.25 ",1949042,"$1,284.85 ","$1,294.43 ","$1,271.23 "
04/16/2020,"$1,263.47 ",2518099,"$1,274.10 ","$1,279 ","$1,242.62 "
04/15/2020,"$1,262.47 ",1671703,"$1,245.61 ","$1,280.46 ","$1,240.40 "
04/14/2020,"$1,269.23 ",2470353,"$1,245.09 ","$1,282.07 ","$1,236.93 "
04/13/2020,"$1,217.56 ",1739828,"$1,209.18 ","$1,220.51 ","$1,187.60 "
04-09-20,"$1,211.45 ",2175421,"$1,224.08 ","$1,225.57 ","$1,196.74 "
04-08-20,"$1,210.28 ",1975135,"$1,206.50 ","$1,219.07 ","$1,188.16 "
04-07-20,"$1,186.51 ",2387329,"$1,221 ","$1,225 ","$1,182.23 "
04-06-20,"$1,186.92 ",2664723,"$1,138 ","$1,194.66 ","$1,130.94 "
04-03-20,"$1,097.88 ",2313400,"$1,119.02 ","$1,123.54 ","$1,079.81 "
04-02-20,"$1,120.84 ",1964881,"$1,098.26 ","$1,126.86 ","$1,096.40 "
04-01-20,"$1,105.62 ",2344173,"$1,122 ","$1,129.69 ","$1,097.45 "
03/31/2020,"$1,162.81 ",2487983,"$1,147.30 ","$1,175.31 ","$1,138.14 "
03/30/2020,"$1,146.82 ",2574061,"$1,125.04 ","$1,151.63 ","$1,096.48 "
03/27/2020,"$1,110.71 ",3208495,"$1,125.67 ","$1,150.67 ","$1,105.91 "
03/26/2020,"$1,161.75 ",3573755,"$1,111.80 ","$1,169.97 ","$1,093.53 "
03/25/2020,"$1,102.49 ",4081528,"$1,126.47 ","$1,148.90 ","$1,086.01 "
03/24/2020,"$1,134.46 ",3344450,"$1,103.77 ","$1,135 ","$1,090.62 "
03/23/2020,"$1,056.62 ",4044137,"$1,061.32 ","$1,071.32 ","$1,013.54 "
03/20/2020,"$1,072.32 ",3601750,"$1,135.72 ","$1,143.99 ","$1,065.49 "
03/19/2020,"$1,115.29 ",3651106,"$1,093.05 ","$1,157.97 ","$1,060.11 "
03/18/2020,"$1,096.80 ",4233435,"$1,056.51 ","$1,106.50 ","$1,037.28 "
03/17/2020,"$1,119.80 ",3861489,"$1,093.11 ","$1,130.86 ","$1,056.01 "
03/16/2020,"$1,084.33 ",4252365,"$1,096 ","$1,152.27 ","$1,074.44 "
03/13/2020,"$1,219.73 ",3700125,"$1,179 ","$1,219.76 ","$1,117.14 "
03-12-20,"$1,114.91 ",4226748,"$1,126 ","$1,193.87 ","$1,113.30 "
03-11-20,"$1,215.41 ",2611229,"$1,249.70 ","$1,260.96 ","$1,196.07 "
03-10-20,"$1,280.39 ",2611373,"$1,260 ","$1,281.15 ","$1,218.77 "
03-09-20,"$1,215.56 ",3365365,"$1,205.30 ","$1,254.76 ","$1,200 "
03-06-20,"$1,298.41 ",2660628,"$1,277.06 ","$1,306.22 ","$1,261.05 "
03-05-20,"$1,319.04 ",2561288,"$1,350.20 ","$1,358.91 ","$1,305.10 "
03-04-20,"$1,386.52 ",1913315,"$1,359.23 ","$1,388.09 ","$1,343.11 "
03-03-20,"$1,341.39 ",2402326,"$1,399.42 ","$1,410.15 ","$1,332 "
03-02-20,"$1,389.11 ",2431468,"$1,351.61 ","$1,390.87 ","$1,326.82 "
02/28/2020,"$1,339.33 ",3790618,"$1,277.50 ","$1,341.14 ","$1,271 "
02/27/2020,"$1,318.09 ",2978300,"$1,362.06 ","$1,371.70 ","$1,317.17 "
02/26/2020,"$1,393.18 ",2204037,"$1,396.14 ","$1,415.70 ","$1,379 "
02/25/2020,"$1,388.45 ",2478278,"$1,433 ","$1,438.14 ","$1,382.40 "
02/24/2020,"$1,421.59 ",2867053,"$1,426.11 ","$1,436.97 ","$1,411.39 "
02/21/2020,"$1,485.11 ",1732273,"$1,508.03 ","$1,512.22 ","$1,480.44 "
02/20/2020,"$1,518.15 ",1096552,"$1,522 ","$1,529.64 ","$1,506.82 "
02/19/2020,"$1,526.69 ",949268,"$1,525.07 ","$1,532.11 ","$1,521.40 "
02/18/2020,"$1,519.67 ",1121140,"$1,515 ","$1,531.63 ","$1,512.59 "
02/14/2020,"$1,520.74 ",1197836,"$1,515.60 ","$1,520.74 ","$1,507.34 "
02/13/2020,"$1,514.66 ",929730,"$1,512.69 ","$1,527.18 ","$1,504.60 "
02-12-20,"$1,518.27 ",1167565,"$1,514.48 ","$1,520.70 ","$1,508.11 "
02-11-20,"$1,508.79 ",1344633,"$1,511.81 ","$1,529.63 ","$1,505.64 "
02-10-20,"$1,508.68 ",1419876,"$1,474.32 ","$1,509.50 ","$1,474.32 "
02-07-20,"$1,479.23 ",1172270,"$1,467.30 ","$1,485.84 ","$1,466.35 "
02-06-20,"$1,476.23 ",1679384,"$1,450.33 ","$1,482.00 ","$1,449.57 "
02-05-20,"$1,448.23 ",1986157,"$1,462.42 ","$1,463.84 ","$1,430.56 "
02-04-20,"$1,447.07 ",3932954,"$1,457.07 ","$1,469.50 ","$1,426.30 "
02-03-20,"$1,485.94 ",3055216,"$1,462 ","$1,490 ","$1,458.99 "
01/31/2020,"$1,434.23 ",2417214,"$1,468.90 ","$1,470.13 ","$1,428.53 "
01/30/2020,"$1,455.84 ",1339421,"$1,439.96 ","$1,457.28 ","$1,436.40 "
01/29/2020,"$1,458.63 ",1078667,"$1,458.80 ","$1,465.43 ","$1,446.74 "
01/28/2020,"$1,452.56 ",1577422,"$1,443 ","$1,456 ","$1,432.47 "
01/27/2020,"$1,433.90 ",1755201,"$1,431 ","$1,438.07 ","$1,421.20 "
01/24/2020,"$1,466.71 ",1784644,"$1,493.59 ","$1,495.50 ","$1,465.25 "
01/23/2020,"$1,486.65 ",1351354,"$1,487.64 ","$1,495.52 ","$1,482.10 "
01/22/2020,"$1,485.95 ",1610846,"$1,491 ","$1,503.21 ","$1,484.93 "
01/21/2020,"$1,484.40 ",2036780,"$1,479.12 ","$1,491.85 ","$1,471.20 "
01/17/2020,"$1,480.39 ",2396215,"$1,462.91 ","$1,481.30 ","$1,458.22 "
01/16/2020,"$1,451.70 ",1173688,"$1,447.44 ","$1,451.99 ","$1,440.92 "
01/15/2020,"$1,439.20 ",1282685,"$1,430.21 ","$1,441.40 ","$1,430.21 "
01/14/2020,"$1,430.88 ",1560453,"$1,439.01 ","$1,441.80 ","$1,428.37 "
01/13/2020,"$1,439.23 ",1653482,"$1,436.13 ","$1,440.52 ","$1,426.02 "
01-10-20,"$1,429.73 ",1821566,"$1,427.56 ","$1,434.93 ","$1,418.35 "
01-09-20,"$1,419.83 ",1502664,"$1,420.57 ","$1,427.33 ","$1,410.27 "
01-08-20,"$1,404.32 ",1529177,"$1,392.08 ","$1,411.58 ","$1,390.84 "
01-07-20,"$1,393.34 ",1511693,"$1,397.94 ","$1,402.99 ","$1,390.38 "
01-06-20,"$1,394.21 ",1733149,"$1,350 ","$1,396.50 ","$1,350 "
01-03-20,"$1,360.66 ",1187006,"$1,347.86 ","$1,372.50 ","$1,345.54 "
01-02-20,"$1,367.37 ",1406731,"$1,341.55 ","$1,368.14 ","$1,341.55 "
12/31/2019,"$1,337.02 ",962468,"$1,330.11 ","$1,338 ","$1,329.09 "
12/30/2019,"$1,336.14 ",1051323,"$1,350 ","$1,353 ","$1,334.02 "
12/27/2019,"$1,351.89 ",1038718,"$1,362.99 ","$1,364.53 ","$1,349.31 "
12/26/2019,"$1,360.40 ",667754,"$1,346.17 ","$1,361.33 ","$1,344.47 "
12/24/2019,"$1,343.56 ",347518,"$1,348.50 ","$1,350.26 ","$1,342.78 "
12/23/2019,"$1,348.84 ",883200,"$1,355.87 ","$1,359.80 ","$1,346.51 "
12/20/2019,"$1,349.59 ",3316905,"$1,363.35 ","$1,363.64 ","$1,349 "
12/19/2019,"$1,356.04 ",1470112,"$1,351.82 ","$1,358.10 ","$1,348.99 "
12/18/2019,"$1,352.62 ",1657069,"$1,356.60 ","$1,360.47 ","$1,351 "
12/17/2019,"$1,355.12 ",1855259,"$1,362.89 ","$1,365 ","$1,351.32 "
12/16/2019,"$1,361.17 ",1397451,"$1,356.50 ","$1,364.68 ","$1,352.67 "
12/13/2019,"$1,347.83 ",1550028,"$1,347.95 ","$1,353.09 ","$1,343.87 "
12-12-19,"$1,350.27 ",1281722,"$1,345.94 ","$1,355.78 ","$1,340.50 "
12-11-19,"$1,345.02 ",850796,"$1,350.84 ","$1,351.20 ","$1,342.67 "
12-10-19,"$1,344.66 ",1094653,"$1,341.50 ","$1,349.98 ","$1,336.04 "
12-09-19,"$1,343.56 ",1355795,"$1,338.04 ","$1,359.45 ","$1,337.84 "
12-06-19,"$1,340.62 ",1315510,"$1,333.44 ","$1,344 ","$1,333.44 "
12-05-19,"$1,328.13 ",1212818,"$1,328 ","$1,329.36 ","$1,316.44 "
12-04-19,"$1,320.54 ",1538110,"$1,307.01 ","$1,325.80 ","$1,304.87 "
12-03-19,"$1,295.28 ",1268647,"$1,279.57 ","$1,298.46 ","$1,279 "
12-02-19,"$1,289.92 ",1511851,"$1,301 ","$1,305.83 ","$1,281 "
11/29/2019,"$1,304.96 ",586981,"$1,307.12 ","$1,310.21 ","$1,303.97 "
11/27/2019,"$1,312.99 ",996329,"$1,315 ","$1,318.36 ","$1,309.63 "
11/26/2019,"$1,313.55 ",1069795,"$1,309.86 ","$1,314.80 ","$1,305.09 "
11/25/2019,"$1,306.69 ",1036487,"$1,299.18 ","$1,311.31 ","$1,298.13 "
11/22/2019,"$1,295.34 ",1386506,"$1,305.62 ","$1,308.73 ","$1,291.41 "
11/21/2019,"$1,301.35 ",995499,"$1,301.48 ","$1,312.59 ","$1,293 "
11/20/2019,"$1,303.05 ",1309835,"$1,311.74 ","$1,315 ","$1,291.15 "
11/19/2019,"$1,315.46 ",1269372,"$1,327.70 ","$1,327.70 ","$1,312.80 "
11/18/2019,"$1,320.70 ",1488083,"$1,332.22 ","$1,335.53 ","$1,317.50 "
11/15/2019,"$1,334.87 ",1782955,"$1,318.94 ","$1,334.88 ","$1,314.28 "
11/14/2019,"$1,311.46 ",1194305,"$1,297.50 ","$1,317 ","$1,295.65 "
11/13/2019,"$1,298 ",853861,"$1,294.07 ","$1,304.30 ","$1,293.51 "
11-12-19,"$1,298.80 ",1085859,"$1,300 ","$1,310 ","$1,295.77 "
11-11-19,"$1,299.19 ",1012429,"$1,303.18 ","$1,306.43 ","$1,297.41 "
11-08-19,"$1,311.37 ",1251916,"$1,305.28 ","$1,318 ","$1,304.37 "
11-07-19,"$1,308.86 ",2029970,"$1,294.28 ","$1,323.74 ","$1,294.25 "
11-06-19,"$1,291.80 ",1152977,"$1,289.46 ","$1,293.73 ","$1,282.50 "
11-05-19,"$1,292.03 ",1282711,"$1,292.89 ","$1,298.93 ","$1,291.23 "
11-04-19,"$1,291.37 ",1500964,"$1,276.45 ","$1,294.13 ","$1,276.36 "
11-01-19,"$1,273.74 ",1670072,"$1,265 ","$1,274.62 ","$1,260.50 "
10/31/2019,"$1,260.11 ",1455651,"$1,261.28 ","$1,267.67 ","$1,250.84 "
10/30/2019,"$1,261.29 ",1408851,"$1,252.97 ","$1,269.36 ","$1,252 "
10/29/2019,"$1,262.62 ",1886380,"$1,276.23 ","$1,281.59 ","$1,257.21 "
10/28/2019,"$1,290 ",2613237,"$1,275.45 ","$1,299.31 ","$1,272.54 "
10/25/2019,"$1,265.13 ",1213051,"$1,251.03 ","$1,269.60 ","$1,250.01 "
10/24/2019,"$1,260.99 ",1039868,"$1,260.90 ","$1,264 ","$1,253.72 "
10/23/2019,"$1,259.13 ",928595,"$1,242.36 ","$1,259.89 ","$1,242.36 "
10/22/2019,"$1,242.80 ",1047851,"$1,247.85 ","$1,250.60 ","$1,241.38 "
10/21/2019,"$1,246.15 ",1038042,"$1,252.26 ","$1,254.63 ","$1,240.60 "
10/18/2019,"$1,245.49 ",1352839,"$1,253.46 ","$1,258.89 ","$1,241.08 "
10/17/2019,"$1,253.07 ",980510,"$1,250.93 ","$1,263.33 ","$1,249.94 "
10/16/2019,"$1,243.64 ",1168174,"$1,241.17 ","$1,254.74 ","$1,238.45 "
10/15/2019,"$1,243.01 ",1395259,"$1,220.40 ","$1,247.33 ","$1,220.40 "
10/14/2019,"$1,217.14 ",882039,"$1,212.34 ","$1,226.33 ","$1,211.76 "
10-11-19,"$1,215.45 ",1277144,"$1,222.21 ","$1,228.39 ","$1,213.74 "
10-10-19,"$1,208.67 ",932531,"$1,198.58 ","$1,215 ","$1,197.34 "
10-09-19,"$1,202.31 ",876632,"$1,199.35 ","$1,208.35 ","$1,197.63 "
10-08-19,"$1,189.13 ",1141784,"$1,197.59 ","$1,206.08 ","$1,189.01 "
10-07-19,"$1,207.68 ",867149,"$1,204.40 ","$1,218.20 ","$1,203.75 "
10-04-19,"$1,209 ",1183264,"$1,191.89 ","$1,211.44 ","$1,189.17 "
10-03-19,"$1,187.83 ",1663656,"$1,180 ","$1,189.06 ","$1,162.43 "
10-02-19,"$1,176.63 ",1639237,"$1,196.98 ","$1,196.99 ","$1,171.29 "
10-01-19,"$1,205.10 ",1358279,"$1,219 ","$1,231.23 ","$1,203.58 "
09/30/2019,"$1,219 ",1419676,"$1,220.97 ","$1,226 ","$1,212.30 "
09/27/2019,"$1,225.09 ",1354432,"$1,243.01 ","$1,244.02 ","$1,214.45 "
09/26/2019,"$1,241.39 ",1561882,"$1,241.96 ","$1,245 ","$1,232.27 "
09/25/2019,"$1,246.52 ",1593875,"$1,215.82 ","$1,248.30 ","$1,210.09 "
09/24/2019,"$1,218.76 ",1591786,"$1,240 ","$1,246.74 ","$1,210.68 "
09/23/2019,"$1,234.03 ",1075253,"$1,226 ","$1,239.09 ","$1,224.17 "
09/20/2019,"$1,229.93 ",2337269,"$1,233.12 ","$1,243.32 ","$1,223.08 "
09/19/2019,"$1,238.71 ",1000155,"$1,232.06 ","$1,244.44 ","$1,232.02 "
09/18/2019,"$1,232.41 ",1144333,"$1,227.51 ","$1,235.61 ","$1,216.53 "
09/17/2019,"$1,229.15 ",958112,"$1,230.40 ","$1,235 ","$1,223.69 "
09/16/2019,"$1,231.30 ",1053299,"$1,229.52 ","$1,239.56 ","$1,225.61 "
09/13/2019,"$1,239.56 ",1301350,"$1,231.35 ","$1,240.88 ","$1,227.01 "
09-12-19,"$1,234.25 ",1725908,"$1,224.30 ","$1,241.86 ","$1,223.02 "
09-11-19,"$1,220.17 ",1307033,"$1,203.41 ","$1,222.60 ","$1,202.20 "
09-10-19,"$1,206 ",1260115,"$1,195.15 ","$1,210 ","$1,194.58 "
09-09-19,"$1,204.41 ",1471880,"$1,204 ","$1,220 ","$1,192.62 "
09-06-19,"$1,204.93 ",1072143,"$1,208.13 ","$1,212.02 ","$1,202.52 "
09-05-19,"$1,211.38 ",1408601,"$1,191.53 ","$1,213.04 ","$1,191.53 "
09-04-19,"$1,181.41 ",1068968,"$1,176.71 ","$1,183.48 ","$1,171 "
09-03-19,"$1,168.39 ",1480420,"$1,177.03 ","$1,186.89 ","$1,163.20 "
08/30/2019,"$1,188.10 ",1129959,"$1,198.50 ","$1,198.50 ","$1,183.80 "
08/29/2019,"$1,192.85 ",1088858,"$1,181.12 ","$1,196.06 ","$1,181.12 "
08/28/2019,"$1,171.02 ",802243,"$1,161.71 ","$1,176.42 ","$1,157.30 "
08/27/2019,"$1,167.84 ",1077452,"$1,180.53 ","$1,182.40 ","$1,161.45 "
08/26/2019,"$1,168.89 ",1226441,"$1,157.26 ","$1,169.47 ","$1,152.96 "
08/23/2019,"$1,151.29 ",1688271,"$1,181.99 ","$1,194.08 ","$1,147.75 "
08/22/2019,"$1,189.53 ",947906,"$1,194.07 ","$1,198.01 ","$1,178.58 "
08/21/2019,"$1,191.25 ",741053,"$1,193.15 ","$1,199 ","$1,187.43 "
08/20/2019,"$1,182.69 ",915605,"$1,195.25 ","$1,196.06 ","$1,182.11 "
08/19/2019,"$1,198.45 ",1232517,"$1,190.09 ","$1,206.99 ","$1,190.09 "
08/16/2019,"$1,177.60 ",1349436,"$1,179.55 ","$1,182.72 ","$1,171.81 "
08/15/2019,"$1,167.26 ",1224739,"$1,163.50 ","$1,175.84 ","$1,162.11 "
08/14/2019,"$1,164.29 ",1578668,"$1,176.31 ","$1,182.30 ","$1,160.54 "
08/13/2019,"$1,197.27 ",1318009,"$1,171.46 ","$1,204.78 ","$1,171.46 "
08-12-19,"$1,174.71 ",1003187,"$1,179.21 ","$1,184.96 ","$1,167.67 "
08-09-19,"$1,188.01 ",1065658,"$1,197.99 ","$1,203.88 ","$1,183.60 "
08-08-19,"$1,204.80 ",1467997,"$1,182.83 ","$1,205.01 ","$1,173.02 "
08-07-19,"$1,173.99 ",1444324,"$1,156 ","$1,178.45 ","$1,149.62 "
08-06-19,"$1,169.95 ",1709374,"$1,163.31 ","$1,179.96 ","$1,160 "
08-05-19,"$1,152.32 ",2597455,"$1,170.04 ","$1,175.24 ","$1,140.14 "
08-02-19,"$1,193.99 ",1645067,"$1,200.74 ","$1,206.90 ","$1,188.94 "
08-01-19,"$1,209.01 ",1698510,"$1,214.03 ","$1,234.11 ","$1,205.72 "
07/31/2019,"$1,216.68 ",1725454,"$1,223 ","$1,234 ","$1,207.76 "
07/30/2019,"$1,225.14 ",1453263,"$1,225.41 ","$1,234.87 ","$1,223.30 "
07/29/2019,"$1,239.41 ",2223731,"$1,241.05 ","$1,247.37 ","$1,228.23 "
07/26/2019,"$1,250.41 ",4805752,"$1,224.04 ","$1,265.55 ","$1,224 "
07/25/2019,"$1,132.12 ",2209823,"$1,137.82 ","$1,141.70 ","$1,120.92 "
07/24/2019,"$1,137.81 ",1590101,"$1,131.90 ","$1,144 ","$1,126.99 "
07/23/2019,"$1,146.21 ",1093688,"$1,144 ","$1,146.90 ","$1,131.80 "
07/22/2019,"$1,138.07 ",1301846,"$1,133.45 ","$1,139.25 ","$1,124.24 "
07/19/2019,"$1,130.10 ",1647245,"$1,148.19 ","$1,151.14 ","$1,129.62 "
07/18/2019,"$1,146.33 ",1291281,"$1,141.74 ","$1,147.61 ","$1,132.73 "
07/17/2019,"$1,146.35 ",1170047,"$1,150.97 ","$1,158.36 ","$1,145.77 "
07/16/2019,"$1,153.58 ",1238807,"$1,146 ","$1,158.58 ","$1,145 "
07/15/2019,"$1,150.34 ",903780,"$1,146.86 ","$1,150.82 ","$1,139.40 "
07-12-19,"$1,144.90 ",863973,"$1,143.99 ","$1,147.34 ","$1,138.78 "
07-11-19,"$1,144.21 ",1195569,"$1,143.25 ","$1,153.07 ","$1,139.58 "
07-10-19,"$1,140.48 ",1209466,"$1,131.22 ","$1,142.05 ","$1,130.97 "
07-09-19,"$1,124.83 ",1330370,"$1,111.80 ","$1,128.03 ","$1,107.17 "
07-08-19,"$1,116.35 ",1236419,"$1,125.17 ","$1,125.98 ","$1,111.21 "
07-05-19,"$1,131.59 ",1264540,"$1,117.80 ","$1,132.88 ","$1,116.14 "
07-03-19,"$1,121.58 ",767011,"$1,117.41 ","$1,126.76 ","$1,113.86 "
07-02-19,"$1,111.25 ",991755,"$1,102.24 ","$1,111.77 ","$1,098.17 "
07-01-19,"$1,097.95 ",1438504,"$1,098 ","$1,107.58 ","$1,093.70 "
06/28/2019,"$1,080.91 ",1693450,"$1,076.39 ","$1,081 ","$1,073.37 "
06/27/2019,"$1,076.01 ",1004477,"$1,084 ","$1,087.10 ","$1,075.29 "
06/26/2019,"$1,079.80 ",1810869,"$1,086.50 ","$1,092.97 ","$1,072.24 "
06/25/2019,"$1,086.35 ",1546913,"$1,112.66 ","$1,114.35 ","$1,083.80 "
06/24/2019,"$1,115.52 ",1395696,"$1,119.61 ","$1,122 ","$1,111.01 "
06/21/2019,"$1,121.88 ",1947591,"$1,109.24 ","$1,124.11 ","$1,108.08 "
06/20/2019,"$1,111.42 ",1262011,"$1,119.99 ","$1,120.12 ","$1,104.74 "
06/19/2019,"$1,102.33 ",1339218,"$1,105.60 ","$1,107 ","$1,093.48 "
06/18/2019,"$1,103.60 ",1386684,"$1,109.69 ","$1,116.39 ","$1,098.99 "
06/17/2019,"$1,092.50 ",941602,"$1,086.28 ","$1,099.18 ","$1,086.28 "
06/14/2019,"$1,085.35 ",1111643,"$1,086.42 ","$1,092.69 ","$1,080.17 "
06/13/2019,"$1,088.77 ",1058000,"$1,083.64 ","$1,094.17 ","$1,080.15 "
06-12-19,"$1,077.03 ",1061255,"$1,078 ","$1,080.93 ","$1,067.54 "
06-11-19,"$1,078.72 ",1437063,"$1,093.98 ","$1,101.99 ","$1,077.60 "
06-10-19,"$1,080.38 ",1464248,"$1,072.98 ","$1,092.66 ","$1,072.32 "
06-07-19,"$1,066.04 ",1802370,"$1,050.63 ","$1,070.92 ","$1,048.40 "
06-06-19,"$1,044.34 ",1703244,"$1,044.99 ","$1,047.49 ","$1,033.70 "
06-05-19,"$1,042.22 ",2168439,"$1,051.54 ","$1,053.55 ","$1,030.49 "
06-04-19,"$1,053.05 ",2833483,"$1,042.90 ","$1,056.05 ","$1,033.69 "
06-03-19,"$1,036.23 ",5130576,"$1,065.50 ","$1,065.50 ","$1,025 "
05/31/2019,"$1,103.63 ",1508203,"$1,101.29 ","$1,109.60 ","$1,100.18 "
05/30/2019,"$1,117.95 ",951873,"$1,115.54 ","$1,123.13 ","$1,112.12 "
05/29/2019,"$1,116.46 ",1538212,"$1,127.52 ","$1,129.10 ","$1,108.22 "
05/28/2019,"$1,134.15 ",1365166,"$1,134 ","$1,151.59 ","$1,133.12 "
05/24/2019,"$1,133.47 ",1112341,"$1,147.36 ","$1,149.77 ","$1,131.66 "
05/23/2019,"$1,140.77 ",1199300,"$1,140.50 ","$1,145.97 ","$1,129.22 "
05/22/2019,"$1,151.42 ",914839,"$1,146.75 ","$1,158.52 ","$1,145.89 "
05/21/2019,"$1,149.63 ",1160158,"$1,148.49 ","$1,152.71 ","$1,137.94 "
05/20/2019,"$1,138.85 ",1353292,"$1,144.50 ","$1,146.80 ","$1,131.44 "
05/17/2019,"$1,162.30 ",1208623,"$1,168.47 ","$1,180.15 ","$1,160.01 "
05/16/2019,"$1,178.98 ",1531404,"$1,164.51 ","$1,188.16 ","$1,162.84 "
05/15/2019,"$1,164.21 ",2289302,"$1,117.87 ","$1,171.33 ","$1,116.67 "
05/14/2019,"$1,120.44 ",1836604,"$1,137.21 ","$1,140.42 ","$1,119.55 "
05/13/2019,"$1,132.03 ",1860648,"$1,141.96 ","$1,147.94 ","$1,122.11 "
05-10-19,"$1,164.27 ",1314546,"$1,163.59 ","$1,172.60 ","$1,142.50 "
05-09-19,"$1,162.38 ",1185973,"$1,159.03 ","$1,169.66 ","$1,150.85 "
05-08-19,"$1,166.27 ",1309514,"$1,172.01 ","$1,180.42 ","$1,165.74 "
05-07-19,"$1,174.10 ",1551368,"$1,180.47 ","$1,190.44 ","$1,161.04 "
05-06-19,"$1,189.39 ",1563943,"$1,166.26 ","$1,190.85 ","$1,166.26 "
05-03-19,"$1,185.40 ",1980653,"$1,173.65 ","$1,186.80 ","$1,169 "
05-02-19,"$1,162.61 ",1944817,"$1,167.76 ","$1,174.19 ","$1,155.00 "
05-01-19,"$1,168.08 ",2642983,"$1,188.05 ","$1,188.05 ","$1,167.18 "
04/30/2019,"$1,188.48 ",6194691,"$1,185 ","$1,192.81 ","$1,175 "
04/29/2019,"$1,287.58 ",2412788,"$1,274 ","$1,289.27 ","$1,266.29 "
04/26/2019,"$1,272.18 ",1228276,"$1,269 ","$1,273.07 ","$1,260.32 "
04/25/2019,"$1,263.45 ",1099614,"$1,264.77 ","$1,267.41 ","$1,252.03 "
04/24/2019,"$1,256 ",1015006,"$1,264.12 ","$1,268.01 ","$1,255 "
04/23/2019,"$1,264.55 ",1271195,"$1,250.69 ","$1,269 ","$1,246.38 "
04/22/2019,"$1,248.84 ",806577,"$1,235.99 ","$1,249.09 ","$1,228.31 "
04/18/2019,"$1,236.37 ",1315676,"$1,239.18 ","$1,242 ","$1,234.61 "
04/17/2019,"$1,236.34 ",1211866,"$1,233 ","$1,240.56 ","$1,227.82 "
04/16/2019,"$1,227.13 ",855258,"$1,225 ","$1,230.82 ","$1,220.12 "
04/15/2019,"$1,221.10 ",1187353,"$1,218 ","$1,224.20 ","$1,209.11 "
04-12-19,"$1,217.87 ",926799,"$1,210 ","$1,218.35 ","$1,208.11 "
04-11-19,"$1,204.62 ",709417,"$1,203.96 ","$1,207.96 ","$1,200.13 "
04-10-19,"$1,202.16 ",724524,"$1,200.68 ","$1,203.79 ","$1,196.44 "
04-09-19,"$1,197.25 ",865416,"$1,196 ","$1,202.29 ","$1,193.08 "
04-08-19,"$1,203.84 ",859969,"$1,207.89 ","$1,208.69 ","$1,199.86 "
04-05-19,"$1,207.15 ",900950,"$1,214.99 ","$1,216.22 ","$1,205.03 "
04-04-19,"$1,215 ",949962,"$1,205.94 ","$1,215.67 ","$1,204.13 "
04-03-19,"$1,205.92 ",1014195,"$1,207.48 ","$1,216.30 ","$1,200.50 "
04-02-19,"$1,200.49 ",800820,"$1,195.32 ","$1,201.35 ","$1,185.71 "
04-01-19,"$1,194.43 ",1188235,"$1,184.10 ","$1,196.66 ","$1,182 "
03/29/2019,"$1,173.31 ",1269573,"$1,174.90 ","$1,178.99 ","$1,162.88 "
03/28/2019,"$1,168.49 ",966843,"$1,171.54 ","$1,171.57 ","$1,159.43 "
03/27/2019,"$1,173.02 ",1362217,"$1,185.50 ","$1,187.56 ","$1,159.37 "
03/26/2019,"$1,184.62 ",1894639,"$1,198.53 ","$1,202.83 ","$1,176.72 "
03/25/2019,"$1,193 ",1493841,"$1,196.93 ","$1,206.40 ","$1,187.04 "
03/22/2019,"$1,205.50 ",1668910,"$1,226.32 ","$1,230 ","$1,202.83 "
03/21/2019,"$1,231.54 ",1195899,"$1,216 ","$1,231.79 ","$1,213.15 "
03/20/2019,"$1,223.97 ",2089367,"$1,197.35 ","$1,227.14 ","$1,196.17 "
03/19/2019,"$1,198.85 ",1404863,"$1,188.81 ","$1,200 ","$1,185.87 "
03/18/2019,"$1,184.26 ",1212506,"$1,183.30 ","$1,190 ","$1,177.42 "
03/15/2019,"$1,184.46 ",2457597,"$1,193.38 ","$1,196.57 ","$1,182.61 "
03/14/2019,"$1,185.55 ",1150950,"$1,194.51 ","$1,197.88 ","$1,184.48 "
03/13/2019,"$1,193.32 ",1434816,"$1,200.65 ","$1,200.93 ","$1,191.94 "
03-12-19,"$1,193.20 ",2012306,"$1,178.26 ","$1,200 ","$1,178.26 "
03-11-19,"$1,175.76 ",1569332,"$1,144.45 ","$1,176.19 ","$1,144.45 "
03-08-19,"$1,142.32 ",1212271,"$1,126.73 ","$1,147.08 ","$1,123.30 "
03-07-19,"$1,143.30 ",1166076,"$1,155.72 ","$1,156.76 ","$1,134.91 "
03-06-19,"$1,157.86 ",1094100,"$1,162.49 ","$1,167.57 ","$1,155.49 "
03-05-19,"$1,162.03 ",1422357,"$1,150.06 ","$1,169.61 ","$1,146.20 "
03-04-19,"$1,147.80 ",1444774,"$1,146.99 ","$1,158.28 ","$1,130.69 "
03-01-19,"$1,140.99 ",1447454,"$1,124.90 ","$1,142.97 ","$1,124.75 "
02/28/2019,"$1,119.92 ",1541068,"$1,111.30 ","$1,127.65 ","$1,111.01 "
02/27/2019,"$1,116.05 ",968362,"$1,106.95 ","$1,117.98 ","$1,101 "
02/26/2019,"$1,115.13 ",1469761,"$1,105.75 ","$1,119.51 ","$1,099.92 "
02/25/2019,"$1,109.40 ",1395281,"$1,116 ","$1,118.54 ","$1,107.27 "
02/22/2019,"$1,110.37 ",1048361,"$1,100.90 ","$1,111.24 ","$1,095.60 "
02/21/2019,"$1,096.97 ",1414744,"$1,110.84 ","$1,111.94 ","$1,092.52 "
02/20/2019,"$1,113.80 ",1080144,"$1,119.99 ","$1,123.41 ","$1,105.28 "
02/19/2019,"$1,118.56 ",1046315,"$1,110 ","$1,121.89 ","$1,110 "
02/15/2019,"$1,113.65 ",1442461,"$1,130.08 ","$1,131.67 ","$1,110.65 "
02/14/2019,"$1,121.67 ",941678,"$1,118.05 ","$1,128.23 ","$1,110.45 "
02/13/2019,"$1,120.16 ",1048630,"$1,124.99 ","$1,134.73 ","$1,118.50 "
02-12-19,"$1,121.37 ",1608658,"$1,106.80 ","$1,125.30 ","$1,105.85 "
02-11-19,"$1,095.01 ",1063825,"$1,096.95 ","$1,105.95 ","$1,092.86 "
02-08-19,"$1,095.06 ",1072031,"$1,087 ","$1,098.91 ","$1,086.55 "
02-07-19,"$1,098.71 ",2040615,"$1,104.16 ","$1,104.84 ","$1,086 "
02-06-19,"$1,115.23 ",2101674,"$1,139.57 ","$1,147 ","$1,112.77 "
02-05-19,"$1,145.99 ",3529974,"$1,124.84 ","$1,146.85 ","$1,117.25 "
02-04-19,"$1,132.80 ",2518184,"$1,112.66 ","$1,132.80 ","$1,109.02 "
02-01-19,"$1,110.75 ",1455609,"$1,112.40 ","$1,125 ","$1,104.89 "
01/31/2019,"$1,116.37 ",1531463,"$1,103 ","$1,117.33 ","$1,095.41 "
01/30/2019,"$1,089.06 ",1241760,"$1,068.43 ","$1,091 ","$1,066.85 "
01/29/2019,"$1,060.62 ",1006731,"$1,072.68 ","$1,075.15 ","$1,055.86 "
01/28/2019,"$1,070.08 ",1277745,"$1,080.11 ","$1,083 ","$1,063.80 "
01/25/2019,"$1,090.99 ",1114785,"$1,085 ","$1,094 ","$1,081.82 "
01/24/2019,"$1,073.90 ",1317718,"$1,076.48 ","$1,079.48 ","$1,060.70 "
01/23/2019,"$1,075.57 ",956526,"$1,077.35 ","$1,084.93 ","$1,059.75 "
01/22/2019,"$1,070.52 ",1607398,"$1,088 ","$1,091.51 ","$1,063.47 "
01/18/2019,"$1,098.26 ",1933754,"$1,100 ","$1,108.35 ","$1,090.90 "
01/17/2019,"$1,089.90 ",1223674,"$1,079.47 ","$1,091.80 ","$1,073.50 "
01/16/2019,"$1,080.97 ",1320530,"$1,080 ","$1,092.38 ","$1,079.34 "
01/15/2019,"$1,077.15 ",1452238,"$1,050.17 ","$1,080.05 ","$1,047.34 "
01/14/2019,"$1,044.69 ",1127417,"$1,046.92 ","$1,051.53 ","$1,041.26 "
01-11-19,"$1,057.19 ",1512651,"$1,063.18 ","$1,063.78 ","$1,048.48 "
01-10-19,"$1,070.33 ",1444976,"$1,067.66 ","$1,071.15 ","$1,057.71 "
01-09-19,"$1,074.66 ",1198369,"$1,081.65 ","$1,082.63 ","$1,066.40 "
01-08-19,"$1,076.28 ",1748371,"$1,076.11 ","$1,084.56 ","$1,060.53 "
01-07-19,"$1,068.39 ",1978077,"$1,071.50 ","$1,074.00 ","$1,054.76 "
01-04-19,"$1,070.71 ",2080144,"$1,032.59 ","$1,070.84 ","$1,027.42 "
01-03-19,"$1,016.06 ",1829379,"$1,041 ","$1,056.98 ","$1,014.07 "
01-02-19,"$1,045.85 ",1516681,"$1,016.57 ","$1,052.32 ","$1,015.71 "
12/31/2018,"$1,035.61 ",1492541,"$1,050.96 ","$1,052.70 ","$1,023.59 "
12/28/2018,"$1,037.08 ",1399218,"$1,049.62 ","$1,055.56 ","$1,033.10 "
12/27/2018,"$1,043.88 ",2102069,"$1,017.15 ","$1,043.89 ",$997 
12/26/2018,"$1,039.46 ",2337212,$989.01 ,"$1,040 ",$983 
12/24/2018,$976.22 ,1590328,$973.90 ,"$1,003.54 ",$970.11 
12/21/2018,$979.54 ,4560424,"$1,015.30 ","$1,024.02 ",$973.69 
12/20/2018,"$1,009.41 ",2659047,"$1,018.13 ","$1,034.22 ",$996.36 
12/19/2018,"$1,023.01 ",2419322,"$1,033.99 ","$1,062 ","$1,008.05 "
12/18/2018,"$1,028.71 ",2101854,"$1,026.09 ","$1,049.48 ","$1,021.44 "
12/17/2018,"$1,016.53 ",2337631,"$1,037.51 ","$1,053.15 ","$1,007.90 "
12/14/2018,"$1,042.10 ",1685802,"$1,049.98 ","$1,062.60 ","$1,040.79 "
12/13/2018,"$1,061.90 ",1329198,"$1,068.07 ","$1,079.76 ","$1,053.93 "
12-12-18,"$1,063.68 ",1523276,"$1,068 ","$1,081.65 ","$1,062.79 "
12-11-18,"$1,051.75 ",1354751,"$1,056.49 ","$1,060.60 ","$1,039.84 "
12-10-18,"$1,039.55 ",1793465,"$1,035.05 ","$1,048.45 ","$1,023.29 "
12-07-18,"$1,036.58 ",2098526,"$1,060.01 ","$1,075.26 ","$1,028.50 "
12-06-18,"$1,068.73 ",2758098,"$1,034.26 ","$1,071.20 ","$1,030.77 "
12-04-18,"$1,050.82 ",2278200,"$1,103.12 ","$1,104.42 ","$1,049.98 "
12-03-18,"$1,106.43 ",1900355,"$1,123.14 ","$1,124.65 ","$1,103.66 "
11/30/2018,"$1,094.43 ",2554416,"$1,089.07 ","$1,095.57 ","$1,077.88 "
11/29/2018,"$1,088.30 ",1403540,"$1,076.08 ","$1,094.25 ","$1,076 "
11/28/2018,"$1,086.23 ",2399374,"$1,048.76 ","$1,086.84 ","$1,035.76 "
11/27/2018,"$1,044.41 ",1801334,"$1,041 ","$1,057.58 ","$1,038.49 "
11/26/2018,"$1,048.62 ",1846430,"$1,038.35 ","$1,049.31 ","$1,033.91 "
11/23/2018,"$1,023.88 ",691462,"$1,030 ","$1,037.59 ","$1,022.40 "
11/21/2018,"$1,037.61 ",1531676,"$1,036.76 ","$1,048.56 ","$1,033.47 "
11/20/2018,"$1,025.76 ",2447254,"$1,000 ","$1,031.74 ",$996.02 
11/19/2018,"$1,020 ",1837207,"$1,057.20 ","$1,060.79 ","$1,016.26 "
11/16/2018,"$1,061.49 ",1641232,"$1,059.41 ","$1,067 ","$1,048.98 "
11/15/2018,"$1,064.71 ",1819132,"$1,044.71 ","$1,071.85 ","$1,031.78 "
11/14/2018,"$1,043.66 ",1561656,"$1,050 ","$1,054.56 ","$1,031 "
11/13/2018,"$1,036.05 ",1496534,"$1,043.29 ","$1,056.61 ","$1,031.15 "
11-12-18,"$1,038.63 ",1429319,"$1,061.39 ","$1,062.12 ","$1,031 "
11-09-18,"$1,066.15 ",1343154,"$1,073.99 ","$1,075.56 ","$1,053.11 "
11-08-18,"$1,082.40 ",1463022,"$1,091.38 ","$1,093.27 ","$1,072.20 "
11-07-18,"$1,093.39 ",2057155,"$1,069 ","$1,095.46 ","$1,065.90 "
11-06-18,"$1,055.81 ",1225197,"$1,039.48 ","$1,064.35 ","$1,038.07 "
11-05-18,"$1,040.09 ",2436742,"$1,055 ","$1,058.47 ","$1,021.24 "
11-02-18,"$1,057.79 ",1829295,"$1,073.73 ","$1,082.98 ","$1,054.61 "
11-01-18,"$1,070 ",1456222,"$1,075.80 ","$1,083.98 ","$1,062.46 "
10/31/2018,"$1,076.77 ",2528584,"$1,059.81 ","$1,091.94 ","$1,057 "
10/30/2018,"$1,036.21 ",3209126,"$1,008.46 ","$1,037.49 ","$1,000.75 "
10/29/2018,"$1,020.08 ",3873644,"$1,082.47 ","$1,097.04 ",$995.83 
10/26/2018,"$1,071.47 ",4185201,"$1,037.03 ","$1,106.53 ","$1,034.09 "
10/25/2018,"$1,095.57 ",2511884,"$1,071.79 ","$1,110.98 ","$1,069.55 "
10/24/2018,"$1,050.71 ",1910060,"$1,104.25 ","$1,106.12 ","$1,048.74 "
10/23/2018,"$1,103.69 ",1847798,"$1,080.89 ","$1,107.89 ","$1,070 "
10/22/2018,"$1,101.16 ",1494285,"$1,103.06 ","$1,112.23 ","$1,091 "
10/19/2018,"$1,096.46 ",1264605,"$1,093.37 ","$1,110.36 ","$1,087.75 "
10/18/2018,"$1,087.97 ",2056606,"$1,121.84 ","$1,121.84 ","$1,077.09 "
10/17/2018,"$1,115.69 ",1397613,"$1,126.46 ","$1,128.99 ","$1,102.19 "
10/16/2018,"$1,121.28 ",1845491,"$1,104.59 ","$1,124.22 ","$1,102.50 "
10/15/2018,"$1,092.25 ",1343231,"$1,108.91 ","$1,113.45 ","$1,089 "
10-12-18,"$1,110.08 ",2029872,"$1,108 ","$1,115 ","$1,086.40 "
10-11-18,"$1,079.32 ",2939514,"$1,072.94 ","$1,106.40 ","$1,068.27 "
10-10-18,"$1,081.22 ",2574985,"$1,131.08 ","$1,132.17 ","$1,081.13 "
10-09-18,"$1,138.82 ",1308706,"$1,146.15 ","$1,154.35 ","$1,137.57 "
10-08-18,"$1,148.97 ",1877142,"$1,150.11 ","$1,168 ","$1,127.36 "
10-05-18,"$1,157.35 ",1184245,"$1,167.50 ","$1,173.50 ","$1,145.12 "
10-04-18,"$1,168.19 ",2151762,"$1,195.33 ","$1,197.51 ","$1,155.58 "
10-03-18,"$1,202.95 ",1207280,"$1,205 ","$1,206.41 ","$1,193.83 "
10-02-18,"$1,200.11 ",1655602,"$1,190.96 ","$1,209.96 ","$1,186.63 "
10-01-18,"$1,195.31 ",1345250,"$1,199.89 ","$1,209.90 ","$1,190.30 "
09/28/2018,"$1,193.47 ",1306822,"$1,191.87 ","$1,195.41 ","$1,184.50 "
09/27/2018,"$1,194.64 ",1244278,"$1,186.73 ","$1,202.10 ","$1,183.63 "
09/26/2018,"$1,180.49 ",1346434,"$1,185.15 ","$1,194.23 ","$1,174.77 "
09/25/2018,"$1,184.65 ",937577,"$1,176.15 ","$1,186.88 ","$1,168 "
09/24/2018,"$1,173.37 ",1218532,"$1,157.17 ","$1,178 ","$1,146.91 "
09/21/2018,"$1,166.09 ",4363929,"$1,192 ","$1,192.21 ","$1,166.04 "
09/20/2018,"$1,186.87 ",1209855,"$1,179.99 ","$1,189.89 ","$1,173.36 "
09/19/2018,"$1,171.09 ",1185321,"$1,164.98 ","$1,173.21 ","$1,154.58 "
09/18/2018,"$1,161.22 ",1184407,"$1,157.09 ","$1,176.08 ","$1,157.09 "
09/17/2018,"$1,156.05 ",1279147,"$1,170.14 ","$1,177.24 ","$1,154.03 "
09/14/2018,"$1,172.53 ",934300,"$1,179.10 ","$1,180.43 ","$1,168.33 "
09/13/2018,"$1,175.33 ",1402005,"$1,170.74 ","$1,178.61 ","$1,162.85 "
09-12-18,"$1,162.82 ",1291304,"$1,172.72 ","$1,178.61 ","$1,158.36 "
09-11-18,"$1,177.36 ",1209171,"$1,161.63 ","$1,178.68 ","$1,156.24 "
09-10-18,"$1,164.64 ",1115259,"$1,172.19 ","$1,174.54 ","$1,160.11 "
09-07-18,"$1,164.83 ",1401034,"$1,158.67 ","$1,175.26 ","$1,157.22 "
09-06-18,"$1,171.44 ",1886690,"$1,186.30 ","$1,186.30 ","$1,152 "
09-05-18,"$1,186.48 ",2043732,"$1,193.80 ","$1,199.01 ","$1,162 "
09-04-18,"$1,197 ",1800509,"$1,204.27 ","$1,212.99 ","$1,192.50 "
08/31/2018,"$1,218.19 ",1812366,"$1,234.98 ","$1,238.66 ","$1,211.29 "
08/30/2018,"$1,239.12 ",1320261,"$1,244.23 ","$1,253.64 ","$1,232.59 "
08/29/2018,"$1,249.30 ",1295939,"$1,237.45 ","$1,250.66 ","$1,236.36 "
08/28/2018,"$1,231.15 ",1296532,"$1,241.29 ","$1,242.55 ","$1,228.69 "
08/27/2018,"$1,241.82 ",1154962,"$1,227.60 ","$1,243.09 ","$1,225.72 "
08/24/2018,"$1,220.65 ",946529,"$1,208.82 ","$1,221.65 ","$1,206.36 "
08/23/2018,"$1,205.38 ",988509,"$1,207.14 ","$1,221.28 ","$1,204.24 "
08/22/2018,"$1,207.33 ",881463,"$1,200 ","$1,211.84 ","$1,199 "
08/21/2018,"$1,201.62 ",1187884,"$1,208 ","$1,217.26 ","$1,200.35 "
08/20/2018,"$1,207.77 ",864462,"$1,205.02 ","$1,211 ","$1,194.63 "
08/17/2018,"$1,200.96 ",1381724,"$1,202.03 ","$1,209.02 ","$1,188.24 "
08/16/2018,"$1,206.49 ",1319985,"$1,224.73 ","$1,226.00 ","$1,202.55 "
08/15/2018,"$1,214.38 ",1815642,"$1,229.26 ","$1,235.24 ","$1,209.51 "
08/14/2018,"$1,242.10 ",1342534,"$1,235.19 ","$1,245.87 ","$1,225.11 "
08/13/2018,"$1,235.01 ",957153,"$1,236.98 ","$1,249.27 ","$1,233.64 "
08-10-18,"$1,237.61 ",1107323,"$1,243 ","$1,245.70 ","$1,232 "
08-09-18,"$1,249.10 ",805227,"$1,249.90 ","$1,255.54 ","$1,246.01 "
08-08-18,"$1,245.61 ",1369650,"$1,240.47 ","$1,256.50 ","$1,238.01 "
08-07-18,"$1,242.22 ",1493073,"$1,237 ","$1,251.17 ","$1,236.17 "
08-06-18,"$1,224.77 ",1080923,"$1,225 ","$1,226.09 ","$1,215.80 "
08-03-18,"$1,223.71 ",1072524,"$1,229.62 ","$1,230 ","$1,215.06 "
08-02-18,"$1,226.15 ",1520488,"$1,205.90 ","$1,229.88 ","$1,204.79 "
08-01-18,"$1,220.01 ",1567142,"$1,228 ","$1,233.47 ","$1,210.21 "
07/31/2018,"$1,217.26 ",1632823,"$1,220.01 ","$1,227.59 ","$1,205.60 "
07/30/2018,"$1,219.74 ",1822782,"$1,228.01 ","$1,234.92 ","$1,211.47 "
07/27/2018,"$1,238.50 ",2115802,"$1,271 ","$1,273.89 ","$1,231 "
07/26/2018,"$1,268.33 ",2334881,"$1,251 ","$1,269.77 ","$1,249.02 "
07/25/2018,"$1,263.70 ",2115890,"$1,239.13 ","$1,265.86 ","$1,239.13 "
07/24/2018,"$1,248.08 ",3303268,"$1,262.59 ","$1,266 ","$1,235.56 "
07/23/2018,"$1,205.50 ",2584034,"$1,181.01 ","$1,206.49 ","$1,181 "
07/20/2018,"$1,184.91 ",1246898,"$1,186.96 ","$1,196.86 ","$1,184.22 "
07/19/2018,"$1,186.96 ",1256113,"$1,191 ","$1,200 ","$1,183.32 "
07/18/2018,"$1,195.88 ",1391232,"$1,196.56 ","$1,204.50 ","$1,190.34 "
07/17/2018,"$1,198.80 ",1585091,"$1,172.22 ","$1,203.04 ","$1,170.60 "
07/16/2018,"$1,183.86 ",1049560,"$1,189.39 ","$1,191 ","$1,179.28 "
07/13/2018,"$1,188.82 ",1221687,"$1,185 ","$1,195.42 ","$1,180 "
07-12-18,"$1,183.48 ",1251083,"$1,159.89 ","$1,184.41 ","$1,155.94 "
07-11-18,"$1,153.90 ",1094301,"$1,144.59 ","$1,164.29 ","$1,141.00 "
07-10-18,"$1,152.84 ",789249,"$1,156.98 ","$1,159.59 ","$1,149.59 "
07-09-18,"$1,154.05 ",906073,"$1,148.48 ","$1,154.67 ","$1,143.42 "
07-06-18,"$1,140.17 ",966155,"$1,123.58 ","$1,140.93 ","$1,120.74 "
07-05-18,"$1,124.27 ",1060752,"$1,110.53 ","$1,127.50 ","$1,108.48 "
07-03-18,"$1,102.89 ",679034,"$1,135.82 ","$1,135.82 ","$1,100.02 "
07-02-18,"$1,127.46 ",1188616,"$1,099 ","$1,128 ","$1,093.80 "
06/29/2018,"$1,115.65 ",1275979,"$1,120 ","$1,128.23 ","$1,115 "
06/28/2018,"$1,114.22 ",1072438,"$1,102.09 ","$1,122.31 ","$1,096.01 "
06/27/2018,"$1,103.98 ",1287698,"$1,121.34 ","$1,131.84 ","$1,103.62 "
06/26/2018,"$1,118.46 ",1559791,"$1,128 ","$1,133.21 ","$1,116.66 "
06/25/2018,"$1,124.81 ",2155276,"$1,143.60 ","$1,143.91 ","$1,112.78 "
06/22/2018,"$1,155.48 ",1310164,"$1,159.14 ","$1,162.50 ","$1,147.26 "
06/21/2018,"$1,157.66 ",1232352,"$1,174.85 ","$1,177.30 ","$1,152.23 "
06/20/2018,"$1,169.84 ",1648248,"$1,175.31 ","$1,186.29 ","$1,169.16 "
06/19/2018,"$1,168.06 ",1616125,"$1,158.50 ","$1,171.27 ","$1,154.01 "
06/18/2018,"$1,173.46 ",1400641,"$1,143.65 ","$1,174.31 ","$1,143.59 "
06/15/2018,"$1,152.26 ",2119134,"$1,148.86 ","$1,153.42 ","$1,143.49 "
06/14/2018,"$1,152.12 ",1350085,"$1,143.85 ","$1,155.47 ","$1,140.64 "
06/13/2018,"$1,134.79 ",1490017,"$1,141.12 ","$1,146.50 ","$1,133.38 "
06-12-18,"$1,139.32 ",899231,"$1,131.07 ","$1,139.79 ","$1,130.74 "
06-11-18,"$1,129.99 ",1071114,"$1,118.60 ","$1,137.26 ","$1,118.60 "
06-08-18,"$1,120.87 ",1289859,"$1,118.18 ","$1,126.67 ","$1,112.15 "
06-07-18,"$1,123.86 ",1519860,"$1,131.32 ","$1,135.82 ","$1,116.52 "
06-06-18,"$1,136.88 ",1697489,"$1,142.17 ","$1,143 ","$1,125.74 "
06-05-18,"$1,139.66 ",1538169,"$1,140.99 ","$1,145.74 ","$1,133.19 "
06-04-18,"$1,139.29 ",1881046,"$1,122.33 ","$1,141.89 ","$1,122.01 "
06-01-18,"$1,119.50 ",2416755,"$1,099.35 ","$1,120 ","$1,098.50 "
05/31/2018,"$1,084.99 ",3085325,"$1,067.56 ","$1,097.19 ","$1,067.56 "
05/30/2018,"$1,067.80 ",1129958,"$1,063.03 ","$1,069.21 ","$1,056.83 "
05/29/2018,"$1,060.32 ",1858676,"$1,064.89 ","$1,073.37 ","$1,055.22 "
05/25/2018,"$1,075.66 ",878903,"$1,079.02 ","$1,082.56 ","$1,073.78 "
05/24/2018,"$1,079.24 ",757752,"$1,079 ","$1,080.47 ","$1,066.15 "
05/23/2018,"$1,079.69 ",1057712,"$1,065.13 ","$1,080.78 ","$1,061.71 "
05/22/2018,"$1,069.73 ",1088700,"$1,083.56 ","$1,086.59 ","$1,066.69 "
05/21/2018,"$1,079.58 ",1012258,"$1,074.06 ","$1,088 ","$1,073.65 "
05/18/2018,"$1,066.36 ",1496448,"$1,061.86 ","$1,069.94 ","$1,060.68 "
05/17/2018,"$1,078.59 ",1031190,"$1,079.89 ","$1,086.87 ","$1,073.50 "
05/16/2018,"$1,081.77 ",989819,"$1,077.31 ","$1,089.27 ","$1,076.26 "
05/15/2018,"$1,079.23 ",1494306,"$1,090 ","$1,090.05 ","$1,073.47 "
05/14/2018,"$1,100.20 ",1450140,"$1,100 ","$1,110.75 ","$1,099.11 "
05-11-18,"$1,098.26 ",1253205,"$1,093.60 ","$1,101.33 ","$1,090.91 "
05-10-18,"$1,097.57 ",1441456,"$1,086.03 ","$1,100.44 ","$1,085.64 "
05-09-18,"$1,082.76 ",2032319,"$1,058.10 ","$1,085.44 ","$1,056.37 "
05-08-18,"$1,053.91 ",1217260,"$1,058.54 ","$1,060.55 ","$1,047.15 "
05-07-18,"$1,054.79 ",1464008,"$1,049.23 ","$1,061.68 ","$1,047.10 "
05-04-18,"$1,048.21 ",1936797,"$1,016.90 ","$1,048.51 ","$1,016.90 "
05-03-18,"$1,023.72 ",1813623,"$1,019 ","$1,029.68 ","$1,006.29 "
05-02-18,"$1,024.38 ",1534094,"$1,028.10 ","$1,040.39 ","$1,022.87 "
05-01-18,"$1,037.31 ",1427171,"$1,013.66 ","$1,038.47 ","$1,008.21 "
04/30/2018,"$1,017.33 ",1664084,"$1,030.01 ","$1,037 ","$1,016.85 "
04/27/2018,"$1,030.05 ",1617452,"$1,046 ","$1,049.50 ","$1,025.59 "
04/26/2018,"$1,040.04 ",1984448,"$1,029.51 ","$1,047.98 ","$1,018.19 "
04/25/2018,"$1,021.18 ",2225495,"$1,025.52 ","$1,032.49 ","$1,015.31 "
04/24/2018,"$1,019.98 ",4750851,"$1,052 ","$1,057 ","$1,010.59 "
04/23/2018,"$1,067.45 ",2278846,"$1,077.86 ","$1,082.72 ","$1,060.70 "
04/20/2018,"$1,072.96 ",1887698,"$1,082 ","$1,092.35 ","$1,069.57 "
04/19/2018,"$1,087.70 ",1741907,"$1,069.40 ","$1,094.17 ","$1,068.18 "
04/18/2018,"$1,072.08 ",1336678,"$1,077.43 ","$1,077.43 ","$1,066.23 "
04/17/2018,"$1,074.16 ",2311903,"$1,051.37 ","$1,077.88 ","$1,048.26 "
04/16/2018,"$1,037.98 ",1194144,"$1,037 ","$1,043.24 ","$1,026.74 "
04/13/2018,"$1,029.27 ",1175754,"$1,040.88 ","$1,046.42 ","$1,022.98 "
04-12-18,"$1,032.51 ",1357599,"$1,025.04 ","$1,040.69 ","$1,021.43 "
04-11-18,"$1,019.97 ",1476133,"$1,027.99 ","$1,031.36 ","$1,015.87 "
04-10-18,"$1,031.64 ",1983510,"$1,026.44 ","$1,036.28 ","$1,011.34 "
04-09-18,"$1,015.45 ",1738682,"$1,016.80 ","$1,039.60 ","$1,014.08 "
04-06-18,"$1,007.04 ",1740896,"$1,020 ","$1,031.42 ","$1,003.03 "
04-05-18,"$1,027.81 ",1345681,"$1,041.33 ","$1,042.79 ","$1,020.13 "
04-04-18,"$1,025.14 ",2464418,$993.41 ,"$1,028.72 ",$993 
04-03-18,"$1,013.41 ",2271858,"$1,013.91 ","$1,020.99 ",$994.07 
04-02-18,"$1,006.47 ",2679214,"$1,022.82 ","$1,034.80 ",$990.37 
03/29/2018,"$1,031.79 ",2714402,"$1,011.63 ","$1,043 ","$1,002.90 "
03/28/2018,"$1,004.56 ",3345046,$998 ,"$1,024.23 ",$980.64 
03/27/2018,"$1,005.10 ",3081612,"$1,063 ","$1,064.84 ",$996.92 
03/26/2018,"$1,053.21 ",2593808,"$1,046 ","$1,055.63 ","$1,008.40 "
03/23/2018,"$1,021.57 ",2147097,"$1,047.03 ","$1,063.36 ","$1,021.22 "
03/22/2018,"$1,049.08 ",2584639,"$1,081.88 ","$1,082.90 ","$1,045.91 "
03/21/2018,"$1,090.88 ",1878294,"$1,092.74 ","$1,106.30 ","$1,085.15 "
03/20/2018,"$1,097.71 ",1802209,"$1,099 ","$1,105.20 ","$1,083.46 "
03/19/2018,"$1,099.82 ",2355186,"$1,120.01 ","$1,121.99 ","$1,089.01 "
03/16/2018,"$1,135.73 ",2614871,"$1,154.14 ","$1,155.88 ","$1,131.96 "
03/15/2018,"$1,149.58 ",1397767,"$1,149.96 ","$1,161.08 ","$1,134.54 "
03/14/2018,"$1,149.49 ",1290638,"$1,145.21 ","$1,158.59 ","$1,141.44 "
03/13/2018,"$1,138.17 ",1874176,"$1,170 ","$1,176.76 ","$1,133.33 "
03-12-18,"$1,164.50 ",2106548,"$1,163.85 ","$1,177.05 ","$1,157.42 "
03-09-18,"$1,160.04 ",2121425,"$1,136 ","$1,160.80 ","$1,132.46 "
03-08-18,"$1,126 ",1393529,"$1,115.32 ","$1,127.60 ","$1,112.80 "
03-07-18,"$1,109.64 ",1277439,"$1,089.19 ","$1,112.22 ","$1,085.48 "
03-06-18,"$1,095.06 ",1497087,"$1,099.22 ","$1,101.85 ","$1,089.78 "
03-05-18,"$1,090.93 ",1141932,"$1,075.14 ","$1,097.10 ","$1,069.00 "
03-02-18,"$1,078.92 ",2271394,"$1,053.08 ","$1,082.00 ","$1,048.12 "
03-01-18,"$1,069.52 ",2511872,"$1,107.87 ","$1,110.12 ","$1,067.00 "
02/28/2018,"$1,104.73 ",1873737,"$1,123.03 ","$1,127.53 ","$1,103.24 "
02/27/2018,"$1,118.29 ",1772866,"$1,141.24 ","$1,144.04 ","$1,118 "
02/26/2018,"$1,143.75 ",1514920,"$1,127.80 ","$1,143.96 ","$1,126.70 "
02/23/2018,"$1,126.79 ",1190432,"$1,112.64 ","$1,127.28 ","$1,104.71 "
02/22/2018,"$1,106.63 ",1309536,"$1,116.19 ","$1,122.82 ","$1,102.59 "
02/21/2018,"$1,111.34 ",1507152,"$1,106.47 ","$1,133.97 ","$1,106.33 "
02/20/2018,"$1,102.46 ",1389491,"$1,090.57 ","$1,113.95 ","$1,088.52 "
02/16/2018,"$1,094.80 ",1680283,"$1,088.41 ","$1,104.67 ","$1,088.31 "
02/15/2018,"$1,089.52 ",1785552,"$1,079.07 ","$1,091.48 ","$1,064.34 "
02/14/2018,"$1,069.70 ",1547665,"$1,048.95 ","$1,071.72 ","$1,046.75 "
02/13/2018,"$1,052.10 ",1213800,"$1,045 ","$1,058.37 ","$1,044.09 "
02-12-18,"$1,051.94 ",2054002,"$1,048 ","$1,061.50 ","$1,040.93 "
02-09-18,"$1,037.78 ",3503970,"$1,017.25 ","$1,043.97 ",$992.56 
02-08-18,"$1,001.52 ",2809890,"$1,055.41 ","$1,058.62 ","$1,000.66 "
02-07-18,"$1,048.58 ",2353003,"$1,081.54 ","$1,081.78 ","$1,048.26 "
02-06-18,"$1,080.60 ",3432313,"$1,027.18 ","$1,081.71 ","$1,023.14 "
02-05-18,"$1,055.80 ",3769453,"$1,090.60 ","$1,110 ","$1,052.03 "
02-02-18,"$1,111.90 ",4837979,"$1,122 ","$1,123.07 ","$1,107.28 "
02-01-18,"$1,167.70 ",2380221,"$1,162.61 ","$1,174 ","$1,157.52 "
01/31/2018,"$1,169.94 ",1523820,"$1,170.57 ","$1,173 ","$1,159.13 "
01/30/2018,"$1,163.69 ",1541771,"$1,167.83 ","$1,176.52 ","$1,163.52 "
01/29/2018,"$1,175.58 ",1337324,"$1,176.48 ","$1,186.89 ","$1,171.98 "
01/26/2018,"$1,175.84 ",1981173,"$1,175.08 ","$1,175.84 ","$1,158.11 "
01/25/2018,"$1,170.37 ",1461518,"$1,172.53 ","$1,175.94 ","$1,162.76 "
01/24/2018,"$1,164.24 ",1382904,"$1,177.33 ","$1,179.86 ","$1,161.05 "
01/23/2018,"$1,169.97 ",1309862,"$1,159.85 ","$1,171.63 ","$1,158.75 "
01/22/2018,"$1,155.81 ",1616120,"$1,137.49 ","$1,159.88 ","$1,135.11 "
01/19/2018,"$1,137.51 ",1390118,"$1,131.83 ","$1,137.86 ","$1,128.30 "
01/18/2018,"$1,129.79 ",1194943,"$1,131.41 ","$1,132.51 ","$1,117.50 "
01/17/2018,"$1,131.98 ",1200476,"$1,126.22 ","$1,132.60 ","$1,117.01 "
01/16/2018,"$1,121.76 ",1566662,"$1,132.51 ","$1,139.91 ","$1,117.83 "
01-12-18,"$1,122.26 ",1718491,"$1,102.41 ","$1,124.29 ","$1,101.15 "
01-11-18,"$1,105.52 ",977727,"$1,106.30 ","$1,106.53 ","$1,099.59 "
01-10-18,"$1,102.61 ",1042273,"$1,097.10 ","$1,104.60 ","$1,096.11 "
01-09-18,"$1,106.26 ",900089,"$1,109.40 ","$1,110.57 ","$1,101.23 "
01-08-18,"$1,106.94 ",1046767,"$1,102.23 ","$1,111.27 ","$1,101.62 "
01-05-18,"$1,102.23 ",1279990,"$1,094 ","$1,104.25 ","$1,092 "
01-04-18,"$1,086.40 ",1002945,"$1,088 ","$1,093.57 ","$1,084.00 "
01-03-18,"$1,082.48 ",1429757,"$1,064.31 ","$1,086.29 ","$1,063.21 "
01-02-18,"$1,065 ",1236401,"$1,048.34 ","$1,066.94 ","$1,045.23 "
12/29/2017,"$1,046.40 ",886845,"$1,046.72 ","$1,049.70 ","$1,044.90 "
12/28/2017,"$1,048.14 ",833011,"$1,051.60 ","$1,054.75 ","$1,044.77 "
12/27/2017,"$1,049.37 ",1271780,"$1,057.39 ","$1,058.37 ","$1,048.05 "
12/26/2017,"$1,056.74 ",761097,"$1,058.07 ","$1,060.12 ","$1,050.20 "
12/22/2017,"$1,060.12 ",755089,"$1,061.11 ","$1,064.20 ","$1,059.44 "
12/21/2017,"$1,063.63 ",986548,"$1,064.95 ","$1,069.33 ","$1,061.79 "
12/20/2017,"$1,064.95 ",1268285,"$1,071.78 ","$1,073.38 ","$1,061.52 "
12/19/2017,"$1,070.68 ",1307894,"$1,075.20 ","$1,076.84 ","$1,063.55 "
12/18/2017,"$1,077.14 ",1552016,"$1,066.08 ","$1,078.49 ","$1,062 "
12/15/2017,"$1,064.19 ",3275091,"$1,054.61 ","$1,067.62 ","$1,049.50 "
12/14/2017,"$1,049.15 ",1558684,"$1,045 ","$1,058.50 ","$1,043.11 "
12/13/2017,"$1,040.61 ",1220364,"$1,046.12 ","$1,046.67 ","$1,038.38 "
12-12-17,"$1,040.48 ",1279511,"$1,039.63 ","$1,050.31 ","$1,033.69 "
12-11-17,"$1,041.10 ",1190527,"$1,035.50 ","$1,043.80 ","$1,032.05 "
12-08-17,"$1,037.05 ",1288419,"$1,037.49 ","$1,042.05 ","$1,032.52 "
12-07-17,"$1,030.93 ",1458145,"$1,020.43 ","$1,034.24 ","$1,018.07 "
12-06-17,"$1,018.38 ",1258496,"$1,001.50 ","$1,024.97 ","$1,001.14 "
12-05-17,"$1,005.15 ",2066247,$995.94 ,"$1,020.61 ",$988.28 
12-04-17,$998.68 ,1906058,"$1,012.66 ","$1,016.10 ",$995.57 
12-01-17,"$1,010.17 ",1908962,"$1,015.80 ","$1,022.49 ","$1,002.02 "
11/30/2017,"$1,021.41 ",1723003,"$1,022.37 ","$1,028.49 ","$1,015 "
11/29/2017,"$1,021.66 ",2442974,"$1,042.68 ","$1,044.08 ","$1,015.65 "
11/28/2017,"$1,047.41 ",1421027,"$1,055.09 ","$1,062.38 ","$1,040 "
11/27/2017,"$1,054.21 ",1307471,"$1,040 ","$1,055.46 ","$1,038.44 "
11/24/2017,"$1,040.61 ",536996,"$1,035.87 ","$1,043.18 ","$1,035 "
11/22/2017,"$1,035.96 ",746351,"$1,035 ","$1,039.71 ","$1,031.43 "
11/21/2017,"$1,034.49 ",1096161,"$1,023.31 ","$1,035.11 ","$1,022.66 "
11/20/2017,"$1,018.38 ",898389,"$1,020.26 ","$1,022.61 ","$1,017.50 "
11/17/2017,"$1,019.09 ",1366936,"$1,034.01 ","$1,034.42 ","$1,017.75 "
11/16/2017,"$1,032.50 ",1129424,"$1,022.52 ","$1,035.92 ","$1,022.52 "
11/15/2017,"$1,020.91 ",847932,"$1,019.21 ","$1,024.09 ","$1,015.42 "
11/14/2017,"$1,026 ",958708,"$1,022.59 ","$1,026.81 ","$1,014.15 "
11/13/2017,"$1,025.75 ",885565,"$1,023.42 ","$1,031.58 ","$1,022.57 "
11-10-17,"$1,028.07 ",720674,"$1,026.46 ","$1,030.76 ","$1,025.28 "
11-09-17,"$1,031.26 ",1244701,"$1,033.99 ","$1,033.99 ","$1,019.67 "
11-08-17,"$1,039.85 ",1088395,"$1,030.52 ","$1,043.52 ","$1,028.45 "
11-07-17,"$1,033.33 ",1112123,"$1,027.27 ","$1,033.97 ","$1,025.13 "
11-06-17,"$1,025.90 ",1124757,"$1,028.99 ","$1,034.87 ","$1,025 "
11-03-17,"$1,032.48 ",1075134,"$1,022.11 ","$1,032.65 ","$1,020.31 "
11-02-17,"$1,025.58 ",1048584,"$1,021.76 ","$1,028.09 ","$1,013.01 "
11-01-17,"$1,025.50 ",1371619,"$1,017.21 ","$1,029.67 ","$1,016.95 "
10/31/2017,"$1,016.64 ",1331265,"$1,015.22 ","$1,024 ","$1,010.42 "
10/30/2017,"$1,017.11 ",2083490,"$1,014 ","$1,024.97 ","$1,007.50 "
10/27/2017,"$1,019.27 ",5165922,"$1,009.19 ","$1,048.39 ","$1,008.20 "
10/26/2017,$972.56 ,2027218,$980 ,$987.60 ,$972.20 
10/25/2017,$973.33 ,1210368,$968.37 ,$976.09 ,$960.52 
10/24/2017,$970.54 ,1206074,$970 ,$972.23 ,$961 
10/23/2017,$968.45 ,1471544,$989.52 ,$989.52 ,$966.12 
10/20/2017,$988.20 ,1176177,$989.44 ,$991 ,$984.58 
10/19/2017,$984.45 ,1312706,$986 ,$988.88 ,$978.39 
10/18/2017,$992.81 ,1057285,$991.77 ,$996.72 ,$986.97 
10/17/2017,$992.18 ,1290152,$990.29 ,$996.44 ,$988.59 
10/16/2017,$992 ,910246,$992.10 ,$993.91 ,$984 
10/13/2017,$989.68 ,1169584,$992 ,$997.21 ,$989 
10-12-17,$987.83 ,1278357,$987.45 ,$994.12 ,$985 
10-11-17,$989.25 ,1692843,$973.72 ,$990.71 ,$972.25 
10-10-17,$972.60 ,968113,$980 ,$981.57 ,$966.08 
10-09-17,$977 ,890620,$980 ,$985.43 ,$976.11 
10-06-17,$978.89 ,1146207,$966.70 ,$979.46 ,$963.36 
10-05-17,$969.96 ,1210427,$955.49 ,$970.91 ,$955.18 
10-04-17,$951.68 ,951766,$957 ,$960.39 ,$950.69 
10-03-17,$957.79 ,888303,$954 ,$958 ,$949.14 
10-02-17,$953.27 ,1282850,$959.98 ,$962.54 ,$947.84 
09/29/2017,$959.11 ,1576365,$952 ,$959.79 ,$951.51 
09/28/2017,$949.50 ,997036,$941.36 ,$950.69 ,$940.55 
09/27/2017,$944.49 ,2237538,$927.74 ,$949.90 ,$927.74 
09/26/2017,$924.86 ,1666749,$923.72 ,$930.82 ,$921.14 
09/25/2017,$920.97 ,1855742,$925.45 ,$926.40 ,$909.70 
09/22/2017,$928.53 ,1052170,$927.75 ,$934.73 ,$926.48 
09/21/2017,$932.45 ,1227059,$933 ,$936.53 ,$923.83 
09/20/2017,$931.58 ,1535626,$922.98 ,$933.88 ,$922 
09/19/2017,$921.81 ,912967,$917.42 ,$922.42 ,$912.55 
09/18/2017,$915 ,1300759,$920.01 ,$922.08 ,$910.60 
09/15/2017,$920.29 ,2499466,$924.66 ,$926.49 ,$916.36 
09/14/2017,$925.11 ,1395497,$931.25 ,$932.77 ,$924 
09/13/2017,$935.09 ,1101145,$930.66 ,$937.25 ,$929.86 
09-12-17,$932.07 ,1133638,$932.59 ,$933.48 ,$923.86 
09-11-17,$929.08 ,1266020,$934.25 ,$938.38 ,$926.92 
09-08-17,$926.50 ,997699,$936.49 ,$936.99 ,$924.88 
09-07-17,$935.95 ,1211472,$931.73 ,$936.41 ,$923.62 
09-06-17,$927.81 ,1526209,$930.15 ,$930.92 ,$919.27 
09-05-17,$928.45 ,1346791,$933.08 ,$937 ,$921.96 
09-01-17,$937.34 ,943657,$941.13 ,$942.48 ,$935.15 
08/31/2017,$939.33 ,1566888,$931.76 ,$941.98 ,$931.76 
08/30/2017,$929.57 ,1300616,$920.05 ,$930.82 ,$919.65 
08/29/2017,$921.29 ,1181391,$905.10 ,$923.33 ,$905 
08/28/2017,$913.81 ,1085014,$916 ,$919.25 ,$911.87 
08/25/2017,$915.89 ,1052764,$923.49 ,$925.56 ,$915.50 
08/24/2017,$921.28 ,1266191,$928.66 ,$930.84 ,$915.50 
08/23/2017,$927 ,1088575,$921.93 ,$929.93 ,$919.36 
08/22/2017,$924.69 ,1166320,$912.72 ,$925.86 ,$911.48 
08/21/2017,$906.66 ,942328,$910 ,$913 ,$903.40 
08/18/2017,$910.67 ,1341990,$910.31 ,$915.28 ,$907.15 
08/17/2017,$910.98 ,1241782,$925.78 ,$926.86 ,$910.98 
08/16/2017,$926.96 ,1005261,$925.29 ,$932.70 ,$923.45 
08/15/2017,$922.22 ,882479,$924.23 ,$926.55 ,$919.82 
08/14/2017,$922.67 ,1063404,$922.53 ,$924.67 ,$918.19 
08-11-17,$914.39 ,1205652,$907.97 ,$917.78 ,$905.58 
08-10-17,$907.24 ,1755521,$917.55 ,$919.26 ,$906.13 
08-09-17,$922.90 ,1191332,$920.61 ,$925.98 ,$917.25 
08-08-17,$926.79 ,1057351,$927.09 ,$935.81 ,$925.61 
08-07-17,$929.36 ,1031710,$929.06 ,$931.70 ,$926.50 
08-04-17,$927.96 ,1081814,$926.75 ,$930.31 ,$923.03 
08-03-17,$923.65 ,1201519,$930.34 ,$932.24 ,$922.24 
08-02-17,$930.39 ,1822272,$928.61 ,$932.60 ,$916.68 
08-01-17,$930.83 ,1234612,$932.38 ,$937.45 ,$929.26 
07/31/2017,$930.50 ,1964748,$941.89 ,$943.59 ,$926.04 
07/28/2017,$941.53 ,1802343,$929.40 ,$943.83 ,$927.50 
07/27/2017,$934.09 ,3128819,$951.78 ,$951.78 ,$920 
07/26/2017,$947.80 ,2069349,$954.68 ,$955 ,$942.28 
07/25/2017,$950.70 ,4656609,$953.81 ,$959.70 ,$945.40 
07/24/2017,$980.34 ,3205374,$972.22 ,$986.20 ,$970.77 
07/21/2017,$972.92 ,1697190,$962.25 ,$973.23 ,$960.15 
07/20/2017,$968.15 ,1620636,$975 ,$975.90 ,$961.51 
07/19/2017,$970.89 ,1221155,$967.84 ,$973.04 ,$964.03 
07/18/2017,$965.40 ,1152741,$953 ,$968.04 ,$950.60 
07/17/2017,$953.42 ,1164141,$957 ,$960.74 ,$949.24 
07/14/2017,$955.99 ,1052855,$952 ,$956.91 ,$948.01 
07/13/2017,$947.16 ,1294674,$946.29 ,$954.45 ,$943.01 
07-12-17,$943.83 ,1517168,$938.68 ,$946.30 ,$934.47 
07-11-17,$930.09 ,1112417,$929.54 ,$931.43 ,$922 
07-10-17,$928.80 ,1190237,$921.77 ,$930.38 ,$919.59 
07-07-17,$918.59 ,1590456,$908.85 ,$921.54 ,$908.85 
07-06-17,$906.69 ,1424290,$904.12 ,$914.94 ,$899.70 
07-05-17,$911.71 ,1813309,$901.76 ,$914.51 ,$898.50 
07-03-17,$898.70 ,1710373,$912.18 ,$913.94 ,$894.79 
06/30/2017,$908.73 ,2086340,$926.05 ,$926.05 ,$908.31 
06/29/2017,$917.79 ,3287991,$929.92 ,$931.26 ,$910.62 
06/28/2017,$940.49 ,2719213,$929 ,$942.75 ,$916 
06/27/2017,$927.33 ,2566047,$942.46 ,$948.29 ,$926.85 
06/26/2017,$952.27 ,1596664,$969.90 ,$973.31 ,$950.79 
06/23/2017,$965.59 ,1527513,$956.83 ,$966 ,$954.20 
06/22/2017,$957.09 ,941639,$958.70 ,$960.72 ,$954.55 
06/21/2017,$959.45 ,1201971,$953.64 ,$960.10 ,$950.76 
06/20/2017,$950.63 ,1125520,$957.52 ,$961.62 ,$950.01 
06/19/2017,$957.37 ,1520715,$949.96 ,$959.99 ,$949.05 
06/16/2017,$939.78 ,3061794,$940 ,$942.04 ,$931.60 
06/15/2017,$942.31 ,2065271,$933.97 ,$943.34 ,$924.44 
06/14/2017,$950.76 ,1487378,$959.92 ,$961.15 ,$942.25 
06/13/2017,$953.40 ,2012980,$951.91 ,$959.98 ,$944.09 
06-12-17,$942.90 ,3762434,$939.56 ,$949.36 ,$915.23 
06-09-17,$949.83 ,3305545,$984.50 ,$984.50 ,$935.63 
06-08-17,$983.41 ,1477151,$982.35 ,$984.57 ,$977.20 
06-07-17,$981.08 ,1447172,$979.65 ,$984.15 ,$975.77 
06-06-17,$976.57 ,1814323,$983.16 ,$988.25 ,$975.14 
06-05-17,$983.68 ,1251903,$976.55 ,$986.91 ,$975.10 
06-02-17,$975.60 ,1750723,$969.46 ,$975.88 ,$966 
06-01-17,$966.95 ,1408958,$968.95 ,$971.50 ,$960.01 
05/31/2017,$964.86 ,2447176,$975.02 ,$979.27 ,$960.18 
05/30/2017,$975.88 ,1466288,$970.31 ,$976.20 ,$969.49 
05/26/2017,$971.47 ,1251425,$969.70 ,$974.98 ,$965.03 
05/25/2017,$969.54 ,1659422,$957.33 ,$972.63 ,$955.47 
05/24/2017,$954.96 ,1031408,$952.98 ,$955.09 ,$949.50 
05/23/2017,$948.82 ,1269438,$947.92 ,$951.47 ,$942.58 
05/22/2017,$941.86 ,1118456,$935 ,$941.88 ,$935 
05/19/2017,$934.01 ,1389848,$931.47 ,$937.76 ,$931 
05/18/2017,$930.24 ,1596058,$921 ,$933.17 ,$918.75 
05/17/2017,$919.62 ,2357922,$935.67 ,$939.33 ,$918.14 
05/16/2017,$943 ,968288,$940 ,$943.11 ,$937.58 
05/15/2017,$937.08 ,1104595,$932.95 ,$938.25 ,$929.34 
05-12-17,$932.22 ,1050377,$931.53 ,$933.44 ,$927.85 
05-11-17,$930.60 ,834997,$925.32 ,$932.53 ,$923.03 
05-10-17,$928.78 ,1173887,$931.98 ,$932 ,$925.16 
05-09-17,$932.17 ,1581236,$936.95 ,$937.50 ,$929.53 
05-08-17,$934.30 ,1328885,$926.12 ,$936.93 ,$925.26 
05-05-17,$927.13 ,1910317,$933.54 ,$934.90 ,$925.20 
05-04-17,$931.66 ,1421938,$926.07 ,$935.93 ,$924.59 
05-03-17,$927.04 ,1497565,$914.86 ,$928.10 ,$912.54 
05-02-17,$916.44 ,1543696,$909.62 ,$920.77 ,$909.45 
05-01-17,$912.57 ,2114629,$901.94 ,$915.68 ,$901.45 
04/28/2017,$905.96 ,3223850,$910.66 ,$916.85 ,$905.77 
04/27/2017,$874.25 ,2009509,$873.60 ,$875.40 ,$870.38 
04/26/2017,$871.73 ,1233724,$874.23 ,$876.05 ,$867.75 
04/25/2017,$872.30 ,1670095,$865 ,$875 ,$862.81 
04/24/2017,$862.76 ,1371722,$851.20 ,$863.45 ,$849.86 
04/21/2017,$843.19 ,1323364,$842.88 ,$843.88 ,$840.60 
04/20/2017,$841.65 ,957994,$841.44 ,$845.20 ,$839.32 
04/19/2017,$838.21 ,954324,$839.79 ,$842.22 ,$836.29 
04/18/2017,$836.82 ,835433,$834.22 ,$838.93 ,$832.71 
04/17/2017,$837.17 ,894540,$825.01 ,$837.75 ,$824.47 
04/13/2017,$823.56 ,1118221,$822.14 ,$826.38 ,$821.44 
04-12-17,$824.32 ,900059,$821.93 ,$826.66 ,$821.02 
04-11-17,$823.35 ,1078951,$824.71 ,$827.43 ,$817.02 
04-10-17,$824.73 ,978825,$825.39 ,$829.35 ,$823.77 
04-07-17,$824.67 ,1056692,$827.96 ,$828.49 ,$820.51 
04-06-17,$827.88 ,1254235,$832.40 ,$836.39 ,$826.46 
04-05-17,$831.41 ,1553163,$835.51 ,$842.45 ,$830.72 
04-04-17,$834.57 ,1044455,$831.36 ,$835.18 ,$829.04 
04-03-17,$838.55 ,1670349,$829.22 ,$840.85 ,$829.22 
03/31/2017,$829.56 ,1401756,$828.97 ,$831.64 ,$827.39 
03/30/2017,$831.50 ,1055263,$833.50 ,$833.68 ,$829 
03/29/2017,$831.41 ,1785006,$825 ,$832.77 ,$822.38 
03/28/2017,$820.92 ,1620532,$820.41 ,$825.99 ,$814.03 
03/27/2017,$819.51 ,1894735,$806.95 ,$821.63 ,$803.37 
03/24/2017,$814.43 ,1980415,$820.08 ,$821.93 ,$808.89 
03/23/2017,$817.58 ,3485390,$821 ,$822.57 ,$812.26 
03/22/2017,$829.59 ,1399409,$831.91 ,$835.55 ,$827.18 
03/21/2017,$830.46 ,2461375,$851.40 ,$853.50 ,$829.02 
03/20/2017,$848.40 ,1217560,$850.01 ,$850.22 ,$845.15 
03/17/2017,$852.12 ,1712397,$851.61 ,$853.40 ,$847.11 
03/16/2017,$848.78 ,977384,$849.03 ,$850.85 ,$846.13 
03/15/2017,$847.20 ,1381328,$847.59 ,$848.63 ,$840.77 
03/14/2017,$845.62 ,779920,$843.64 ,$847.24 ,$840.80 
03/13/2017,$845.54 ,1149928,$844 ,$848.69 ,$843.25 
03-10-17,$843.25 ,1702731,$843.28 ,$844.91 ,$839.50 
03-09-17,$838.68 ,1261393,$836 ,$842 ,$834.21 
03-08-17,$835.37 ,988900,$833.51 ,$838.15 ,$831.79 
03-07-17,$831.91 ,1037573,$827.40 ,$833.41 ,$826.52 
03-06-17,$827.78 ,1108799,$826.95 ,$828.88 ,$822.40 
03-03-17,$829.08 ,890640,$830.56 ,$831.36 ,$825.75 
03-02-17,$830.63 ,937824,$833.85 ,$834.51 ,$829.64 
03-01-17,$835.24 ,1495934,$828.85 ,$836.26 ,$827.26 
02/28/2017,$823.21 ,2258695,$825.61 ,$828.54 ,$820.20 
02/27/2017,$829.28 ,1101120,$824.55 ,$830.50 ,$824 
02/24/2017,$828.64 ,1392039,$827.73 ,$829 ,$824.20 
02/23/2017,$831.33 ,1471342,$830.12 ,$832.46 ,$822.88 
02/22/2017,$830.76 ,983058,$828.66 ,$833.25 ,$828.64 
02/21/2017,$831.66 ,1259841,$828.66 ,$833.45 ,$828.35 
02/17/2017,$828.07 ,1602549,$823.02 ,$828.07 ,$821.66 
02/16/2017,$824.16 ,1285919,$819.93 ,$824.40 ,$818.98 
02/15/2017,$818.98 ,1311316,$819.36 ,$823 ,$818.47 
02/14/2017,$820.45 ,1054472,$819 ,$823 ,$816 
02/13/2017,$819.24 ,1205835,$816 ,$820.96 ,$815.49 
02-10-17,$813.67 ,1134701,$811.70 ,$815.25 ,$809.78 
02-09-17,$809.56 ,990260,$809.51 ,$810.66 ,$804.54 
02-08-17,$808.38 ,1155892,$807 ,$811.84 ,$803.19 
02-07-17,$806.97 ,1240257,$803.99 ,$810.50 ,$801.78 
02-06-17,$801.34 ,1182882,$799.70 ,$801.67 ,$795.25 
02-03-17,$801.49 ,1461217,$802.99 ,$806 ,$800.37 
02-02-17,$798.53 ,1530827,$793.80 ,$802.70 ,$792 
02-01-17,$795.70 ,2027708,$799.68 ,$801.19 ,$791.19 
01/31/2017,$796.79 ,2153957,$796.86 ,$801.25 ,$790.52 
01/30/2017,$802.32 ,3243568,$814.66 ,$815.84 ,$799.80 
01/27/2017,$823.31 ,2964989,$834.71 ,$841.95 ,$820.44 
01/26/2017,$832.15 ,2944642,$837.81 ,$838 ,$827.01 
01/25/2017,$835.67 ,1612854,$829.62 ,$835.77 ,$825.06 
01/24/2017,$823.87 ,1472228,$822.30 ,$825.90 ,$817.82 
01/23/2017,$819.31 ,1962506,$807.25 ,$820.87 ,$803.74 
01/20/2017,$805.02 ,1668638,$806.91 ,$806.91 ,$801.69 
01/19/2017,$802.18 ,917085,$805.12 ,$809.48 ,$801.80 
01/18/2017,$806.07 ,1293893,$805.81 ,$806.21 ,$800.99 
01/17/2017,$804.61 ,1361935,$807.08 ,$807.14 ,$800.37 
01/13/2017,$807.88 ,1098154,$807.48 ,$811.22 ,$806.69 
01-12-17,$806.36 ,1352872,$807.14 ,$807.39 ,$799.17 
01-11-17,$807.91 ,1065360,$805 ,$808.15 ,$801.37 
01-10-17,$804.79 ,1176637,$807.86 ,$809.13 ,$803.51 
01-09-17,$806.65 ,1274318,$806.40 ,$809.97 ,$802.83 
01-06-17,$806.15 ,1639246,$795.26 ,$807.90 ,$792.20 
01-05-17,$794.02 ,1334028,$786.08 ,$794.48 ,$785.02 
01-04-17,$786.90 ,1071198,$788.36 ,$791.34 ,$783.16 
01-03-17,$786.14 ,1657291,$778.81 ,$789.63 ,$775.80 
12/30/2016,$771.82 ,1769809,$782.75 ,$782.78 ,$770.41 
12/29/2016,$782.79 ,743808,$783.33 ,$785.93 ,$778.92 
12/28/2016,$785.05 ,1142148,$793.70 ,$794.23 ,$783.20 
12/27/2016,$791.55 ,789151,$790.68 ,$797.86 ,$787.66 
12/23/2016,$789.91 ,623682,$790.90 ,$792.74 ,$787.28 
12/22/2016,$791.26 ,972147,$792.36 ,$793.32 ,$788.58 
12/21/2016,$794.56 ,1208770,$795.84 ,$796.68 ,$787.10 
12/20/2016,$796.42 ,950345,$796.76 ,$798.65 ,$793.27 
12/19/2016,$794.20 ,1231966,$790.22 ,$797.66 ,$786.27 
12/16/2016,$790.80 ,2435100,$800.40 ,$800.86 ,$790.29 
12/15/2016,$797.85 ,1623709,$797.34 ,$803 ,$792.92 
12/14/2016,$797.07 ,1700875,$797.40 ,$804 ,$794.01 
12/13/2016,$796.10 ,2122735,$793.90 ,$804.38 ,$793.34 
12-12-16,$789.27 ,2102288,$785.04 ,$791.25 ,$784.36 
12-09-16,$789.29 ,1821146,$780 ,$789.43 ,$779.02 
12-08-16,$776.42 ,1487517,$772.48 ,$778.18 ,$767.23 
12-07-16,$771.19 ,1757710,$761 ,$771.36 ,$755.80 
12-06-16,$759.11 ,1690365,$764.73 ,$768.83 ,$757.34 
12-05-16,$762.52 ,1393566,$757.71 ,$763.90 ,$752.90 
12-02-16,$750.50 ,1452181,$744.59 ,$754 ,$743.10 
12-01-16,$747.92 ,3017001,$757.44 ,$759.85 ,$737.02 
11/30/2016,$758.04 ,2386628,$770.07 ,$772.99 ,$754.83 
11/29/2016,$770.84 ,1616427,$771.53 ,$778.50 ,$768.24 
11/28/2016,$768.24 ,2177039,$760 ,$779.53 ,$759.80 
11/25/2016,$761.68 ,587421,$764.26 ,$765 ,$760.52 
11/23/2016,$760.99 ,1477501,$767.73 ,$768.28 ,$755.25 
11/22/2016,$768.27 ,1592372,$772.63 ,$776.96 ,$767 
11/21/2016,$769.20 ,1324431,$762.61 ,$769.70 ,$760.60 
11/18/2016,$760.54 ,1528555,$771.37 ,$775 ,$760 
11/17/2016,$771.23 ,1298484,$766.92 ,$772.70 ,$764.23 
11/16/2016,$764.48 ,1468196,$755.20 ,$766.36 ,$750.51 
11/15/2016,$758.49 ,2375056,$746.97 ,$764.42 ,$746.97 
11/14/2016,$736.08 ,3644965,$755.60 ,$757.85 ,$727.54 
11-11-16,$754.02 ,2421889,$756.54 ,$760.78 ,$750.38 
11-10-16,$762.56 ,4733916,$791.17 ,$791.17 ,$752.18 
11-09-16,$785.31 ,2603860,$779.94 ,$791.23 ,$771.67 
11-08-16,$790.51 ,1361472,$783.40 ,$795.63 ,$780.19 
11-07-16,$782.52 ,1574426,$774.50 ,$785.19 ,$772.55 
11-04-16,$762.02 ,2131948,$750.66 ,$770.36 ,$750.56 
11-03-16,$762.13 ,1933937,$767.25 ,$769.95 ,$759.03 
11-02-16,$768.70 ,1905814,$778.20 ,$781.65 ,$763.45 
11-01-16,$783.61 ,2404898,$782.89 ,$789.49 ,$775.54 
10/31/2016,$784.54 ,2420892,$795.47 ,$796.86 ,$784 
10/28/2016,$795.37 ,4261912,$808.35 ,$815.49 ,$793.59 
10/27/2016,$795.35 ,2723097,$801 ,$803.49 ,$791.50 
10/26/2016,$799.07 ,1645403,$806.34 ,$806.98 ,$796.32 
10/25/2016,$807.67 ,1575020,$816.68 ,$816.68 ,$805.14 
10/24/2016,$813.11 ,1693162,$804.90 ,$815.18 ,$804.82 
10/21/2016,$799.37 ,1262042,$795 ,$799.50 ,$794 
10/20/2016,$796.97 ,1755546,$803.30 ,$803.97 ,$796.03 
10/19/2016,$801.56 ,1762990,$798.86 ,$804.63 ,$797.64 
10/18/2016,$795.26 ,2046338,$787.85 ,$801.61 ,$785.57 
10/17/2016,$779.96 ,1091524,$779.80 ,$785.85 ,$777.50 
10/14/2016,$778.53 ,851512,$781.65 ,$783.95 ,$776 
10/13/2016,$778.19 ,1360619,$781.22 ,$781.22 ,$773 
10-12-16,$786.14 ,935138,$783.76 ,$788.13 ,$782.06 
10-11-16,$783.07 ,1371461,$786.66 ,$792.28 ,$780.58 
10-10-16,$785.94 ,1161410,$777.71 ,$789.38 ,$775.87 
10-07-16,$775.08 ,932444,$779.66 ,$779.66 ,$770.75 
10-06-16,$776.86 ,1066910,$779 ,$780.48 ,$775.54 
10-05-16,$776.47 ,1457661,$779.31 ,$782.07 ,$775.65 
10-04-16,$776.43 ,1198361,$776.03 ,$778.71 ,$772.89 
10-03-16,$772.56 ,1276614,$774.25 ,$776.07 ,$769.50 
09/30/2016,$777.29 ,1583293,$776.33 ,$780.94 ,$774.09 
09/29/2016,$775.01 ,1310252,$781.44 ,$785.80 ,$774.23 
09/28/2016,$781.56 ,1108249,$777.85 ,$781.81 ,$774.97 
09/27/2016,$783.01 ,1152760,$775.50 ,$785.99 ,$774.31 
09/26/2016,$774.21 ,1531788,$782.74 ,$782.74 ,$773.07 
09/23/2016,$786.90 ,1411439,$786.59 ,$788.93 ,$784.15 
09/22/2016,$787.21 ,1483899,$780 ,$789.85 ,$778.44 
09/21/2016,$776.22 ,1166290,$772.66 ,$777.16 ,$768.30 
09/20/2016,$771.41 ,975434,$769 ,$773.33 ,$768.53 
09/19/2016,$765.70 ,1171969,$772.42 ,$774 ,$764.44 
09/16/2016,$768.88 ,2047036,$769.75 ,$769.75 ,$764.66 
09/15/2016,$771.76 ,1344945,$762.89 ,$773.80 ,$759.96 
09/14/2016,$762.49 ,1093723,$759.61 ,$767.68 ,$759.11 
09/13/2016,$759.69 ,1394158,$764.48 ,$766.22 ,$755.80 
09-12-16,$769.02 ,1310493,$755.13 ,$770.29 ,$754.00 
09-09-16,$759.66 ,1879903,$770.10 ,$773.25 ,$759.66 
09-08-16,$775.32 ,1268663,$778.59 ,$780.35 ,$773.58 
09-07-16,$780.35 ,893874,$780 ,$782.73 ,$776.20 
09-06-16,$780.08 ,1441864,$773.45 ,$782 ,$771 
09-02-16,$771.46 ,1070725,$773.01 ,$773.92 ,$768.41 
09-01-16,$768.78 ,925019,$769.25 ,$771.02 ,$764.30 
08/31/2016,$767.05 ,1247937,$767.01 ,$769.09 ,$765.38 
08/30/2016,$769.09 ,1129932,$769.33 ,$774.47 ,$766.84 
08/29/2016,$772.15 ,847537,$768.74 ,$774.99 ,$766.62 
08/26/2016,$769.54 ,1164713,$769 ,$776.08 ,$765.85 
08/25/2016,$769.41 ,926856,$767 ,$771.89 ,$763.18 
08/24/2016,$769.64 ,1071569,$770.58 ,$774.50 ,$767.07 
08/23/2016,$772.08 ,925356,$775.48 ,$776.44 ,$771.79 
08/22/2016,$772.15 ,950417,$773.27 ,$774.54 ,$770.05 
08/19/2016,$775.42 ,860899,$775 ,$777.10 ,$773.13 
08/18/2016,$777.50 ,718882,$780.01 ,$782.86 ,$777 
08/17/2016,$779.91 ,921666,$777.32 ,$780.81 ,$773.53 
08/16/2016,$777.14 ,1027836,$780.30 ,$780.98 ,$773.44 
08/15/2016,$782.44 ,938183,$783.75 ,$787.49 ,$780.11 
08-12-16,$783.22 ,739761,$781.50 ,$783.40 ,$780.40 
08-11-16,$784.85 ,971742,$785 ,$789.75 ,$782.97 
08-10-16,$784.68 ,784559,$783.75 ,$786.81 ,$782.78 
08-09-16,$784.26 ,1318457,$781.10 ,$788.94 ,$780.57 
08-08-16,$781.76 ,1106693,$782 ,$782.63 ,$778.09 
08-05-16,$782.22 ,1799478,$773.78 ,$783.04 ,$772.34 
08-04-16,$771.61 ,1139972,$772.22 ,$774.07 ,$768.80 
08-03-16,$773.18 ,1283186,$767.18 ,$773.21 ,$766.82 
08-02-16,$771.07 ,1782822,$768.69 ,$775.84 ,$767.85 
08-01-16,$772.88 ,2697699,$761.09 ,$780.43 ,$761.09 
07/29/2016,$768.79 ,3830103,$772.71 ,$778.55 ,$766.77 
07/28/2016,$745.91 ,3473040,$747.04 ,$748.65 ,$739.30 
07/27/2016,$741.77 ,1509133,$738.28 ,$744.46 ,$737 
07/26/2016,$738.42 ,1182993,$739.04 ,$741.69 ,$734.27 
07/25/2016,$739.77 ,1031643,$740.67 ,$742.61 ,$737.50 
07/22/2016,$742.74 ,1256741,$741.86 ,$743.24 ,$736.56 
07/21/2016,$738.63 ,1022229,$740.36 ,$741.69 ,$735.83 
07/20/2016,$741.19 ,1283931,$737.33 ,$742.13 ,$737.10 
07/19/2016,$736.96 ,1225467,$729.89 ,$736.99 ,$729 
07/18/2016,$733.78 ,1284740,$722.71 ,$736.13 ,$721.19 
07/15/2016,$719.85 ,1277514,$725.73 ,$725.74 ,$719.06 
07/14/2016,$720.95 ,949456,$721.58 ,$722.21 ,$718.03 
07/13/2016,$716.98 ,933352,$723.62 ,$724 ,$716.85 
07-12-16,$720.64 ,1336112,$719.12 ,$722.94 ,$715.91 
07-11-16,$715.09 ,1107039,$708.05 ,$716.51 ,$707.24 
07-08-16,$705.63 ,1573909,$699.50 ,$705.71 ,$696.44 
07-07-16,$695.36 ,1303661,$698.08 ,$698.20 ,$688.22 
07-06-16,$697.77 ,1411080,$689.98 ,$701.68 ,$689.09 
07-05-16,$694.49 ,1462879,$696.06 ,$696.94 ,$688.88 
07-01-16,$699.21 ,1344387,$692.20 ,$700.65 ,$692.13 
06/30/2016,$692.10 ,1597298,$685.47 ,$692.32 ,$683.65 
06/29/2016,$684.11 ,1931436,$683 ,$687.43 ,$681.41 
06/28/2016,$680.04 ,2169704,$678.97 ,$680.33 ,$673 
06/27/2016,$668.26 ,2632011,$671 ,$672.30 ,$663.28 
06/24/2016,$675.22 ,4442943,$675.17 ,$689.40 ,$673.45 
06/23/2016,$701.87 ,2166183,$697.45 ,$701.95 ,$687 
06/22/2016,$697.46 ,1182161,$699.06 ,$700.86 ,$693.08 
06/21/2016,$695.94 ,1464836,$698.40 ,$702.77 ,$692.01 
06/20/2016,$693.71 ,2080645,$698.77 ,$702.48 ,$693.41 
06/17/2016,$691.72 ,3397720,$708.65 ,$708.82 ,$688.45 
06/16/2016,$710.36 ,1981657,$714.91 ,$716.65 ,$703.26 
06/15/2016,$718.92 ,1213386,$719 ,$722.98 ,$717.31 
06/14/2016,$718.27 ,1303808,$716.48 ,$722.47 ,$713.12 
06/13/2016,$718.36 ,1255199,$716.51 ,$725.44 ,$716.51 
06-10-16,$719.41 ,1213989,$719.47 ,$725.89 ,$716.43 
06-09-16,$728.58 ,987635,$722.87 ,$729.54 ,$722.34 
06-08-16,$728.28 ,1583325,$723.96 ,$728.57 ,$720.58 
06-07-16,$716.65 ,1336348,$719.84 ,$721.98 ,$716.55 
06-06-16,$716.55 ,1565955,$724.91 ,$724.91 ,$714.61 
06-03-16,$722.34 ,1225924,$729.27 ,$729.49 ,$720.56 
06-02-16,$730.40 ,1340664,$732.50 ,$733.02 ,$724.17 
06-01-16,$734.15 ,1251468,$734.53 ,$737.21 ,$730.66 
05/31/2016,$735.72 ,2128358,$731.74 ,$739.73 ,$731.26 
05/27/2016,$732.66 ,1974425,$724.01 ,$733.94 ,$724 
05/26/2016,$724.12 ,1573635,$722.87 ,$728.33 ,$720.28 
05/25/2016,$725.27 ,1629790,$720.76 ,$727.51 ,$719.70 
05/24/2016,$720.09 ,1926828,$706.86 ,$720.97 ,$706.86 
05/23/2016,$704.24 ,1326386,$706.53 ,$711.48 ,$704.18 
05/20/2016,$709.74 ,1825830,$701.62 ,$714.58 ,$700.52 
05/19/2016,$700.32 ,1668887,$702.36 ,$706 ,$696.80 
05/18/2016,$706.63 ,1765632,$703.67 ,$711.60 ,$700.63 
05/17/2016,$706.23 ,1999883,$715.99 ,$721.52 ,$704.11 
05/16/2016,$716.49 ,1316719,$709.13 ,$718.48 ,$705.65 
05/13/2016,$710.83 ,1307559,$711.93 ,$716.66 ,$709.26 
05-12-16,$713.31 ,1361170,$717.06 ,$719.25 ,$709 
05-11-16,$715.29 ,1690862,$723.41 ,$724.48 ,$712.80 
05-10-16,$723.18 ,1568621,$716.75 ,$723.50 ,$715.72 
05-09-16,$712.90 ,1509892,$712 ,$718.71 ,$710 
05-06-16,$711.12 ,1828508,$698.38 ,$711.86 ,$698.11 
05-05-16,$701.43 ,1680220,$697.70 ,$702.32 ,$695.72 
05-04-16,$695.70 ,1692757,$690.49 ,$699.75 ,$689.01 
05-03-16,$692.36 ,1541297,$696.87 ,$697.84 ,$692 
05-02-16,$698.21 ,1645013,$697.63 ,$700.64 ,$691 
04/29/2016,$693.01 ,2486584,$690.70 ,$697.62 ,$689 
04/28/2016,$691.02 ,2859790,$708.26 ,$714.17 ,$689.55 
04/27/2016,$705.84 ,3094905,$707.29 ,$708.98 ,$692.37 
04/26/2016,$708.14 ,2739133,$725.42 ,$725.77 ,$703.03 
04/25/2016,$723.15 ,1956956,$716.10 ,$723.93 ,$715.59 
04/22/2016,$718.77 ,5949699,$726.30 ,$736.12 ,$713.61 
04/21/2016,$759.14 ,2995094,$755.38 ,$760.45 ,$749.55 
04/20/2016,$752.67 ,1526776,$758 ,$758.13 ,$750.01 
04/19/2016,$753.93 ,2027962,$769.51 ,$769.90 ,$749.33 
04/18/2016,$766.61 ,1557199,$760.46 ,$768.05 ,$757.30 
04/15/2016,$759 ,1807062,$753.98 ,$761 ,$752.69 
04/14/2016,$753.20 ,1134056,$754.01 ,$757.31 ,$752.71 
04/13/2016,$751.72 ,1707397,$749.16 ,$754.38 ,$744.26 
04-12-16,$743.09 ,1349780,$738 ,$743.83 ,$731.01 
04-11-16,$736.10 ,1218789,$743.02 ,$745 ,$736.05 
04-08-16,$739.15 ,1289869,$743.97 ,$745.45 ,$735.55 
04-07-16,$740.28 ,1452369,$745.37 ,$747.00 ,$736.28 
04-06-16,$745.69 ,1052171,$735.77 ,$746.24 ,$735.56 
04-05-16,$737.80 ,1130817,$738 ,$742.80 ,$735.37 
04-04-16,$745.29 ,1134214,$750.06 ,$752.80 ,$742.43 
04-01-16,$749.91 ,1576240,$738.60 ,$750.34 ,$737 
03/31/2016,$744.95 ,1718638,$749.25 ,$750.85 ,$740.94 
03/30/2016,$750.53 ,1782278,$750.10 ,$757.88 ,$748.74 
03/29/2016,$744.77 ,1902254,$734.59 ,$747.25 ,$728.76 
03/28/2016,$733.53 ,1300817,$736.79 ,$738.99 ,$732.50 
03/24/2016,$735.30 ,1570474,$732.01 ,$737.75 ,$731 
03/23/2016,$738.06 ,1431130,$742.36 ,$745.72 ,$736.15 
03/22/2016,$740.75 ,1269263,$737.46 ,$745 ,$737.46 
03/21/2016,$742.09 ,1835963,$736.50 ,$742.50 ,$733.52 
03/18/2016,$737.60 ,2982194,$741.86 ,$742 ,$731.83 
03/17/2016,$737.78 ,1859562,$736.45 ,$743.07 ,$736 
03/16/2016,$736.09 ,1621412,$726.37 ,$737.47 ,$724.51 
03/15/2016,$728.33 ,1720790,$726.92 ,$732.29 ,$724.77 
03/14/2016,$730.49 ,1717002,$726.81 ,$735.50 ,$725.15 
03-11-16,$726.82 ,1968164,$720 ,$726.92 ,$717.13 
03-10-16,$712.82 ,2830630,$708.12 ,$716.44 ,$703.36 
03-09-16,$705.24 ,1419661,$698.47 ,$705.68 ,$694 
03-08-16,$693.97 ,2075305,$688.59 ,$703.79 ,$685.34 
03-07-16,$695.16 ,2986064,$706.90 ,$708.09 ,$686.90 
03-04-16,$710.89 ,1971379,$714.99 ,$716.49 ,$706.02 
03-03-16,$712.42 ,1956958,$718.68 ,$719.45 ,$706.02 
03-02-16,$718.85 ,1629501,$719 ,$720 ,$712 
03-01-16,$718.81 ,2148608,$703.62 ,$718.81 ,$699.77 
02/29/2016,$697.77 ,2478214,$700.32 ,$710.89 ,$697.68 
02/26/2016,$705.07 ,2241785,$708.58 ,$713.43 ,$700.86 
02/25/2016,$705.75 ,1640430,$700.01 ,$705.98 ,$690.59 
02/24/2016,$699.56 ,1961258,$688.92 ,$700 ,$680.78 
02/23/2016,$695.85 ,2006572,$701.45 ,$708.40 ,$693.58 
02/22/2016,$706.46 ,1949046,$707.45 ,$713.24 ,$702.51 
02/19/2016,$700.91 ,1585152,$695.03 ,$703.08 ,$694.05 
02/18/2016,$697.35 ,1880306,$710 ,$712.35 ,$696.03 
02/17/2016,$708.40 ,2490021,$699 ,$709.75 ,$691.38 
02/16/2016,$691 ,2517324,$692.98 ,$698 ,$685.05 
02-12-16,$682.40 ,2138937,$690.26 ,$693.75 ,$678.60 
02-11-16,$683.11 ,3021587,$675 ,$689.35 ,$668.87 
02-10-16,$684.12 ,2629130,$686.86 ,$701.31 ,$682.13 
02-09-16,$678.11 ,3605792,$672.32 ,$699.90 ,$668.77 
02-08-16,$682.74 ,4241416,$667.85 ,$684.03 ,$663.06 
02-05-16,$683.57 ,5098357,$703.87 ,$703.99 ,$680.15 
02-04-16,$708.01 ,5157988,$722.81 ,$727 ,$701.86 
02-03-16,$726.95 ,6166731,$770.22 ,$774.50 ,$720.50 
02-02-16,$764.65 ,6340548,$784.50 ,$789.87 ,$764.65 
02-01-16,$752 ,5065235,$750.46 ,$757.86 ,$743.27 
01/29/2016,$742.95 ,3464432,$731.53 ,$744.99 ,$726.80 
01/28/2016,$730.96 ,2664956,$722.22 ,$733.69 ,$712.35 
01/27/2016,$699.99 ,2175913,$713.67 ,$718.24 ,$694.39 
01/26/2016,$713.04 ,1329141,$713.85 ,$718.28 ,$706.48 
01/25/2016,$711.67 ,1709777,$723.58 ,$729.68 ,$710.01 
01/22/2016,$725.25 ,2009951,$723.60 ,$728.13 ,$720.12 
01/21/2016,$706.59 ,2411079,$702.18 ,$719.19 ,$694.46 
01/20/2016,$698.45 ,3441642,$688.61 ,$706.85 ,$673.26 
01/19/2016,$701.79 ,2264747,$703.30 ,$709.98 ,$693.41 
01/15/2016,$694.45 ,3604137,$692.29 ,$706.74 ,$685.37 
01/14/2016,$714.72 ,2225495,$705.38 ,$721.93 ,$689.10 
01/13/2016,$700.56 ,2497086,$730.85 ,$734.74 ,$698.61 
01-12-16,$726.07 ,2010026,$721.68 ,$728.75 ,$717.32 
01-11-16,$716.03 ,2089495,$716.61 ,$718.86 ,$703.54 
01-08-16,$714.47 ,2449420,$731.45 ,$733.23 ,$713 
01-07-16,$726.39 ,2960578,$730.31 ,$738.50 ,$719.06 
01-06-16,$743.62 ,1943685,$730 ,$747.18 ,$728.92 
01-05-16,$742.58 ,1949386,$746.45 ,$752 ,$738.64 
01-04-16,$741.84 ,3271348,$743 ,$744.06 ,$731.26 
12/31/2015,$758.88 ,1500129,$769.50 ,$769.50 ,$758.34 
12/30/2015,$771 ,1293514,$776.60 ,$777.60 ,$766.90 
12/29/2015,$776.60 ,1764044,$766.69 ,$779.98 ,$766.43 
12/28/2015,$762.51 ,1515574,$752.92 ,$762.99 ,$749.52 
12/24/2015,$748.40 ,527223,$749.55 ,$751.35 ,$746.62 
12/23/2015,$750.31 ,1566723,$753.47 ,$754.21 ,$744 
12/22/2015,$750 ,1365420,$751.65 ,$754.85 ,$745.53 
12/21/2015,$747.77 ,1524535,$746.13 ,$750 ,$740 
12/18/2015,$739.31 ,3140906,$746.51 ,$754.13 ,$738.15 
12/17/2015,$749.43 ,1551087,$762.42 ,$762.68 ,$749 
12/16/2015,$758.09 ,1986319,$750 ,$760.59 ,$739.44 
12/15/2015,$743.40 ,2661199,$753 ,$758.08 ,$743.01 
12/14/2015,$747.77 ,2417778,$741.79 ,$748.73 ,$724.17 
12-11-15,$738.87 ,2223284,$741.16 ,$745.71 ,$736.75 
12-10-15,$749.46 ,1988035,$752.85 ,$755.85 ,$743.83 
12-09-15,$751.61 ,2697978,$759.17 ,$764.23 ,$737.00 
12-08-15,$762.37 ,1829004,$757.89 ,$764.80 ,$754.20 
12-07-15,$763.25 ,1811336,$767.77 ,$768.73 ,$755.09 
12-04-15,$766.81 ,2756194,$753.10 ,$768.49 ,$750 
12-03-15,$752.54 ,2589641,$766.01 ,$769.00 ,$745.63 
12-02-15,$762.38 ,2196721,$768.90 ,$775.96 ,$758.96 
12-01-15,$767.04 ,2131827,$747.11 ,$768.95 ,$746.70 
11/30/2015,$742.60 ,2045584,$748.81 ,$754.93 ,$741.27 
11/27/2015,$750.26 ,838528,$748.46 ,$753.41 ,$747.49 
11/25/2015,$748.15 ,1122224,$748.14 ,$752 ,$746.06 
11/24/2015,$748.28 ,2333700,$752 ,$755.28 ,$737.63 
11/23/2015,$755.98 ,1414640,$757.45 ,$762.71 ,$751.82 
11/20/2015,$756.60 ,2212934,$746.53 ,$757.92 ,$743 
11/19/2015,$738.41 ,1327265,$738.74 ,$742 ,$737.43 
11/18/2015,$740 ,1683978,$727.58 ,$741.41 ,$727 
11/17/2015,$725.30 ,1507449,$729.29 ,$731.85 ,$723.03 
11/16/2015,$728.96 ,1904395,$715.60 ,$729.49 ,$711.33 
11/13/2015,$717 ,2072392,$729.17 ,$731.15 ,$716.73 
11-12-15,$731.23 ,1836567,$731 ,$737.80 ,$728.65 
11-11-15,$735.40 ,1366611,$732.46 ,$741 ,$730.23 
11-10-15,$728.32 ,1606499,$724.40 ,$730.59 ,$718.50 
11-09-15,$724.89 ,2068920,$730.20 ,$734.71 ,$719.43 
11-06-15,$733.76 ,1510586,$731.50 ,$735.41 ,$727.01 
11-05-15,$731.25 ,1861100,$729.47 ,$739.48 ,$729.47 
11-04-15,$728.11 ,1705745,$722 ,$733.10 ,$721.90 
11-03-15,$722.16 ,1565355,$718.86 ,$724.65 ,$714.72 
11-02-15,$721.11 ,1885155,$711.06 ,$721.62 ,$705.85 
10/30/2015,$710.81 ,1907732,$715.73 ,$718 ,$710.05 
10/29/2015,$716.92 ,1455508,$710.50 ,$718.26 ,$710.01 
10/28/2015,$712.95 ,2178841,$707.33 ,$712.98 ,$703.08 
10/27/2015,$708.49 ,2232183,$707.38 ,$713.62 ,$704.55 
10/26/2015,$712.78 ,2709292,$701.55 ,$719.15 ,$701.26 
10/23/2015,$702 ,6651909,$727.50 ,$730 ,$701.50 
10/22/2015,$651.79 ,3994360,$646.70 ,$657.80 ,$644.01 
10/21/2015,$642.61 ,1792869,$654.15 ,$655.87 ,$641.73 
10/20/2015,$650.28 ,2498077,$664.04 ,$664.72 ,$644.20 
10/19/2015,$666.10 ,1465691,$661.18 ,$666.82 ,$659.58 
10/16/2015,$662.20 ,1610712,$664.11 ,$664.97 ,$657.20 
10/15/2015,$661.74 ,1832832,$654.66 ,$663.13 ,$654.46 
10/14/2015,$651.16 ,1413798,$653.21 ,$659.39 ,$648.85 
10/13/2015,$652.30 ,1806003,$643.15 ,$657.81 ,$643.15 
10-12-15,$646.67 ,1275565,$642.09 ,$648.50 ,$639.01 
10-09-15,$643.61 ,1648656,$640 ,$645.99 ,$635.32 
10-08-15,$639.16 ,2181990,$641.36 ,$644.45 ,$625.56 
10-07-15,$642.36 ,2092536,$649.24 ,$650.61 ,$632.15 
10-06-15,$645.44 ,2235078,$638.84 ,$649.25 ,$636.53 
10-05-15,$641.47 ,1802263,$632 ,$643.01 ,$627 
10-02-15,$626.91 ,2681241,$607.20 ,$627.34 ,$603.13 
10-01-15,$611.29 ,1866223,$608.37 ,$612.09 ,$599.85 
09/30/2015,$608.42 ,2412754,$603.28 ,$608.76 ,$600.73 
09/29/2015,$594.97 ,2310065,$597.28 ,$605 ,$590.22 
09/28/2015,$594.89 ,3118693,$610.34 ,$614.61 ,$589.38 
09/25/2015,$611.97 ,2173134,$629.77 ,$629.77 ,$611 
09/24/2015,$625.80 ,2238097,$616.64 ,$627.32 ,$612.40 
09/23/2015,$622.36 ,1470633,$622.05 ,$628.93 ,$620 
09/22/2015,$622.69 ,2561551,$627 ,$627.55 ,$615.43 
09/21/2015,$635.44 ,1786543,$634.40 ,$636.49 ,$625.94 
09/18/2015,$629.25 ,5123314,$636.79 ,$640 ,$627.02 
09/17/2015,$642.90 ,2259404,$637.79 ,$650.90 ,$635.02 
09/16/2015,$635.98 ,1276250,$635.47 ,$637.95 ,$632.32 
09/15/2015,$635.14 ,2082426,$626.70 ,$638.70 ,$623.78 
09/14/2015,$623.24 ,1701618,$625.70 ,$625.86 ,$619.43 
09-11-15,$625.77 ,1372803,$619.75 ,$625.78 ,$617.42 
09-10-15,$621.35 ,1903334,$613.10 ,$624.16 ,$611.43 
09-09-15,$612.72 ,1699686,$621.22 ,$626.52 ,$609.60 
09-08-15,$614.66 ,2277487,$612.49 ,$616.31 ,$604.12 
09-04-15,$600.70 ,2087028,$600 ,$603.47 ,$595.25 
09-03-15,$606.25 ,1757851,$617 ,$619.71 ,$602.82 
09-02-15,$614.34 ,2573982,$605.59 ,$614.34 ,$599.71 
09-01-15,$597.79 ,3699844,$602.36 ,$612.86 ,$594.10 
08/31/2015,$618.25 ,2172168,$627.54 ,$635.80 ,$617.68 
08/28/2015,$630.38 ,1975818,$632.82 ,$636.88 ,$624.56 
08/27/2015,$637.61 ,3485906,$639.40 ,$643.59 ,$622 
08/26/2015,$628.62 ,4187276,$610.35 ,$631.71 ,$599.05 
08/25/2015,$582.06 ,3521916,$614.91 ,$617.45 ,$581.11 
08/24/2015,$589.61 ,5727282,$573 ,$614 ,$565.05 
08/21/2015,$612.48 ,4261666,$639.78 ,$640.05 ,$612.33 
08/20/2015,$646.83 ,2854028,$655.46 ,$662.99 ,$642.90 
08/19/2015,$660.90 ,2132265,$656.60 ,$667 ,$654.19 
08/18/2015,$656.13 ,1455664,$661.90 ,$664 ,$653.46 
08/17/2015,$660.87 ,1050553,$656.80 ,$661.38 ,$651.24 
08/14/2015,$657.12 ,1071333,$655.01 ,$659.86 ,$652.66 
08/13/2015,$656.45 ,1807182,$659.32 ,$664.50 ,$651.66 
08-12-15,$659.56 ,2938651,$663.08 ,$665 ,$652.29 
08-11-15,$660.78 ,5016425,$669.20 ,$674.90 ,$654.27 
08-10-15,$633.73 ,1653836,$639.48 ,$643.44 ,$631.25 
08-07-15,$635.30 ,1403441,$640.23 ,$642.68 ,$629.71 
08-06-15,$642.68 ,1572150,$645 ,$645.38 ,$632.25 
08-05-15,$643.78 ,2331720,$634.33 ,$647.86 ,$633.16 
08-04-15,$629.25 ,1486858,$628.42 ,$634.81 ,$627.16 
08-03-15,$631.21 ,1301439,$625.34 ,$633.06 ,$625.34 
07/31/2015,$625.61 ,1705286,$631.38 ,$632.91 ,$625.50 
07/30/2015,$632.59 ,1472286,$630 ,$635.22 ,$622.05 
07/29/2015,$631.93 ,1573146,$628.80 ,$633.36 ,$622.65 
07/28/2015,$628 ,1713684,$632.83 ,$632.83 ,$623.31 
07/27/2015,$627.26 ,2673801,$621 ,$634.30 ,$620.50 
07/24/2015,$623.56 ,3622089,$647 ,$648.17 ,$622.52 
07/23/2015,$644.28 ,3014035,$661.27 ,$663.63 ,$641 
07/22/2015,$662.10 ,3707818,$660.89 ,$678.64 ,$659 
07/21/2015,$662.30 ,3363342,$655.21 ,$673 ,$654.30 
07/20/2015,$663.02 ,5857092,$659.24 ,$668.88 ,$653.01 
07/17/2015,$672.93 ,11153500,$649 ,$674.47 ,$645 
07/16/2015,$579.85 ,4559712,$565.12 ,$580.68 ,$565 
07/15/2015,$560.22 ,1782264,$560.13 ,$566.50 ,$556.79 
07/14/2015,$561.10 ,3231284,$546.76 ,$565.85 ,$546.71 
07/13/2015,$546.55 ,2204610,$532.88 ,$547.11 ,$532.40 
07-10-15,$530.13 ,1954951,$526.29 ,$532.56 ,$525.55 
07-09-15,$520.68 ,1840155,$523.12 ,$523.77 ,$520.35 
07-08-15,$516.83 ,1293372,$521.05 ,$522.73 ,$516.11 
07-07-15,$525.02 ,1595672,$523.13 ,$526.18 ,$515.18 
07-06-15,$522.86 ,1278587,$519.50 ,$525.25 ,$519 
07-02-15,$523.40 ,1235773,$521.08 ,$524.65 ,$521.08 
07-01-15,$521.84 ,1961197,$524.73 ,$525.69 ,$518.23 
06/30/2015,$520.51 ,2234284,$526.02 ,$526.25 ,$520.50 
06/29/2015,$521.52 ,1935361,$525.01 ,$528.61 ,$520.54 
06/26/2015,$531.69 ,2108629,$537.26 ,$537.76 ,$531.35 
06/25/2015,$535.23 ,1332412,$538.87 ,$540.90 ,$535.23 
06/24/2015,$537.84 ,1286576,$540 ,$540 ,$535.66 
06/23/2015,$540.48 ,1196115,$539.64 ,$541.50 ,$535.25 
06/22/2015,$538.19 ,1243535,$539.59 ,$543.74 ,$537.53 
06/19/2015,$536.69 ,1890916,$537.21 ,$538.25 ,$533.01 
06/18/2015,$536.73 ,1832450,$531 ,$538.15 ,$530.79 
06/17/2015,$529.26 ,1269113,$529.37 ,$530.98 ,$525.10 
06/16/2015,$528.15 ,1071728,$528.40 ,$529.64 ,$525.56 
06/15/2015,$527.20 ,1632675,$528 ,$528.30 ,$524 
06-12-15,$532.33 ,955489,$531.60 ,$533.12 ,$530.16 
06-11-15,$534.61 ,1208632,$538.43 ,$538.98 ,$533.02 
06-10-15,$536.69 ,1813775,$529.36 ,$538.36 ,$529.35 
06-09-15,$526.69 ,1454172,$527.56 ,$529.20 ,$523.01 
06-08-15,$526.83 ,1523960,$533.31 ,$534.12 ,$526.24 
06-05-15,$533.33 ,1375008,$536.35 ,$537.20 ,$532.52 
06-04-15,$536.70 ,1346044,$537.76 ,$540.59 ,$534.32 
06-03-15,$540.31 ,1716836,$539.91 ,$543.50 ,$537.11 
06-02-15,$539.18 ,1936721,$532.93 ,$543 ,$531.33 
